time,amplitude,network,station,location,channel,starttime,endtime,sampling_rate,delta,npts,calib,_format,mseed_dataquality,mseed_number_of_records,mseed_encoding,mseed_byteorder,mseed_record_length,mseed_filesize
2018-03-12T17:57:34.500000Z,-1.3713360893597097,EV,EVN,00,HHN,2018-03-12T17:57:34.500000Z,2018-03-12T17:57:39.120000Z,100.0,0.01,463,1.0,MSEED,D,9,FLOAT64,>,512,13824
2018-03-12T17:57:34.510000Z,-2.099213109330077,EV,EVN,00,HHN,2018-03-12T17:57:34.500000Z,2018-03-12T17:57:39.120000Z,100.0,0.01,463,1.0,MSEED,D,9,FLOAT64,>,512,13824
2018-03-12T17:57:34.520000Z,-2.27707634963151,EV,EVN,00,HHN,2018-03-12T17:57:34.500000Z,2018-03-12T17:57:39.120000Z,100.0,0.01,463,1.0,MSEED,D,9,FLOAT64,>,512,13824
2018-03-12T17:57:34.530000Z,-1.1860361339772942,EV,EVN,00,HHN,2018-03-12T17:57:34.500000Z,2018-03-12T17:57:39.120000Z,100.0,0.01,463,1.0,MSEED,D,9,FLOAT64,>,512,13824
2018-03-12T17:57:34.540000Z,2.5055302132361064,EV,EVN,00,HHN,2018-03-12T17:57:34.500000Z,2018-03-12T17:57:39.120000Z,100.0,0.01,463,1.0,MSEED,D,9,FLOAT64,>,512,13824
2018-03-12T17:57:34.550000Z,5.146227407986303,EV,EVN,00,HHN,2018-03-12T17:57:34.500000Z,2018-03-12T17:57:39.120000Z,100.0,0.01,463,1.0,MSEED,D,9,FLOAT64,>,512,13824
2018-03-12T17:57:34.560000Z,2.5061187817533312,EV,EVN,00,HHN,2018-03-12T17:57:34.500000Z,2018-03-12T17:57:39.120000Z,100.0,0.01,463,1.0,MSEED,D,9,FLOAT64,>,512,13824
2018-03-12T17:57:34.570000Z,-2.4732468477579816,EV,EVN,00,HHN,2018-03-12T17:57:34.500000Z,2018-03-12T17:57:39.120000Z,100.0,0.01,463,1.0,MSEED,D,9,FLOAT64,>,512,13824
2018-03-12T17:57:34.580000Z,-4.672367178758357,EV,EVN,00,HHN,2018-03-12T17:57:34.500000Z,2018-03-12T17:57:39.120000Z,100.0,0.01,463,1.0,MSEED,D,9,FLOAT64,>,512,13824
2018-03-12T17:57:34.590000Z,-4.904327225107136,EV,EVN,00,HHN,2018-03-12T17:57:34.500000Z,2018-03-12T17:57:39.120000Z,100.0,0.01,463,1.0,MSEED,D,9,FLOAT64,>,512,13824
2018-03-12T17:57:34.600000Z,-5.866330415252981,EV,EVN,00,HHN,2018-03-12T17:57:34.500000Z,2018-03-12T17:57:39.120000Z,100.0,0.01,463,1.0,MSEED,D,9,FLOAT64,>,512,13824
2018-03-12T17:57:34.610000Z,-6.7403642127357655,EV,EVN,00,HHN,2018-03-12T17:57:34.500000Z,2018-03-12T17:57:39.120000Z,100.0,0.01,463,1.0,MSEED,D,9,FLOAT64,>,512,13824
2018-03-12T17:57:34.620000Z,-6.417267895550731,EV,EVN,00,HHN,2018-03-12T17:57:34.500000Z,2018-03-12T17:57:39.120000Z,100.0,0.01,463,1.0,MSEED,D,9,FLOAT64,>,512,13824
2018-03-12T17:57:34.630000Z,-4.968286604892733,EV,EVN,00,HHN,2018-03-12T17:57:34.500000Z,2018-03-12T17:57:39.120000Z,100.0,0.01,463,1.0,MSEED,D,9,FLOAT64,>,512,13824
2018-03-12T17:57:34.640000Z,-2.6548199153231193,EV,EVN,00,HHN,2018-03-12T17:57:34.500000Z,2018-03-12T17:57:39.120000Z,100.0,0.01,463,1.0,MSEED,D,9,FLOAT64,>,512,13824
2018-03-12T17:57:34.650000Z,-1.1874999530311872,EV,EVN,00,HHN,2018-03-12T17:57:34.500000Z,2018-03-12T17:57:39.120000Z,100.0,0.01,463,1.0,MSEED,D,9,FLOAT64,>,512,13824
2018-03-12T17:57:34.660000Z,-1.5396140799650038,EV,EVN,00,HHN,2018-03-12T17:57:34.500000Z,2018-03-12T17:57:39.120000Z,100.0,0.01,463,1.0,MSEED,D,9,FLOAT64,>,512,13824
2018-03-12T17:57:34.670000Z,-2.6928622012363364,EV,EVN,00,HHN,2018-03-12T17:57:34.500000Z,2018-03-12T17:57:39.120000Z,100.0,0.01,463,1.0,MSEED,D,9,FLOAT64,>,512,13824
2018-03-12T17:57:34.680000Z,-4.840331077527336,EV,EVN,00,HHN,2018-03-12T17:57:34.500000Z,2018-03-12T17:57:39.120000Z,100.0,0.01,463,1.0,MSEED,D,9,FLOAT64,>,512,13824
2018-03-12T17:57:34.690000Z,-7.916044091292032,EV,EVN,00,HHN,2018-03-12T17:57:34.500000Z,2018-03-12T17:57:39.120000Z,100.0,0.01,463,1.0,MSEED,D,9,FLOAT64,>,512,13824
2018-03-12T17:57:34.700000Z,-9.66455987573811,EV,EVN,00,HHN,2018-03-12T17:57:34.500000Z,2018-03-12T17:57:39.120000Z,100.0,0.01,463,1.0,MSEED,D,9,FLOAT64,>,512,13824
2018-03-12T17:57:34.710000Z,-9.6493264383007,EV,EVN,00,HHN,2018-03-12T17:57:34.500000Z,2018-03-12T17:57:39.120000Z,100.0,0.01,463,1.0,MSEED,D,9,FLOAT64,>,512,13824
2018-03-12T17:57:34.720000Z,-9.760966266325747,EV,EVN,00,HHN,2018-03-12T17:57:34.500000Z,2018-03-12T17:57:39.120000Z,100.0,0.01,463,1.0,MSEED,D,9,FLOAT64,>,512,13824
2018-03-12T17:57:34.730000Z,-10.014238777479033,EV,EVN,00,HHN,2018-03-12T17:57:34.500000Z,2018-03-12T17:57:39.120000Z,100.0,0.01,463,1.0,MSEED,D,9,FLOAT64,>,512,13824
2018-03-12T17:57:34.740000Z,-7.950071035393996,EV,EVN,00,HHN,2018-03-12T17:57:34.500000Z,2018-03-12T17:57:39.120000Z,100.0,0.01,463,1.0,MSEED,D,9,FLOAT64,>,512,13824
2018-03-12T17:57:34.750000Z,-2.1449344333758535,EV,EVN,00,HHN,2018-03-12T17:57:34.500000Z,2018-03-12T17:57:39.120000Z,100.0,0.01,463,1.0,MSEED,D,9,FLOAT64,>,512,13824
2018-03-12T17:57:34.760000Z,4.521168758810013,EV,EVN,00,HHN,2018-03-12T17:57:34.500000Z,2018-03-12T17:57:39.120000Z,100.0,0.01,463,1.0,MSEED,D,9,FLOAT64,>,512,13824
2018-03-12T17:57:34.770000Z,8.273410533610669,EV,EVN,00,HHN,2018-03-12T17:57:34.500000Z,2018-03-12T17:57:39.120000Z,100.0,0.01,463,1.0,MSEED,D,9,FLOAT64,>,512,13824
2018-03-12T17:57:34.780000Z,10.831166484504914,EV,EVN,00,HHN,2018-03-12T17:57:34.500000Z,2018-03-12T17:57:39.120000Z,100.0,0.01,463,1.0,MSEED,D,9,FLOAT64,>,512,13824
2018-03-12T17:57:34.790000Z,14.28232958115997,EV,EVN,00,HHN,2018-03-12T17:57:34.500000Z,2018-03-12T17:57:39.120000Z,100.0,0.01,463,1.0,MSEED,D,9,FLOAT64,>,512,13824
2018-03-12T17:57:34.800000Z,13.778361008033778,EV,EVN,00,HHN,2018-03-12T17:57:34.500000Z,2018-03-12T17:57:39.120000Z,100.0,0.01,463,1.0,MSEED,D,9,FLOAT64,>,512,13824
2018-03-12T17:57:34.810000Z,6.929054374292455,EV,EVN,00,HHN,2018-03-12T17:57:34.500000Z,2018-03-12T17:57:39.120000Z,100.0,0.01,463,1.0,MSEED,D,9,FLOAT64,>,512,13824
2018-03-12T17:57:34.820000Z,1.3598458130731128,EV,EVN,00,HHN,2018-03-12T17:57:34.500000Z,2018-03-12T17:57:39.120000Z,100.0,0.01,463,1.0,MSEED,D,9,FLOAT64,>,512,13824
2018-03-12T17:57:34.830000Z,1.8034594449440147,EV,EVN,00,HHN,2018-03-12T17:57:34.500000Z,2018-03-12T17:57:39.120000Z,100.0,0.01,463,1.0,MSEED,D,9,FLOAT64,>,512,13824
2018-03-12T17:57:34.840000Z,2.5872697013971724,EV,EVN,00,HHN,2018-03-12T17:57:34.500000Z,2018-03-12T17:57:39.120000Z,100.0,0.01,463,1.0,MSEED,D,9,FLOAT64,>,512,13824
2018-03-12T17:57:34.850000Z,1.0463722649499156,EV,EVN,00,HHN,2018-03-12T17:57:34.500000Z,2018-03-12T17:57:39.120000Z,100.0,0.01,463,1.0,MSEED,D,9,FLOAT64,>,512,13824
2018-03-12T17:57:34.860000Z,2.546658759355998,EV,EVN,00,HHN,2018-03-12T17:57:34.500000Z,2018-03-12T17:57:39.120000Z,100.0,0.01,463,1.0,MSEED,D,9,FLOAT64,>,512,13824
2018-03-12T17:57:34.870000Z,7.321985588075502,EV,EVN,00,HHN,2018-03-12T17:57:34.500000Z,2018-03-12T17:57:39.120000Z,100.0,0.01,463,1.0,MSEED,D,9,FLOAT64,>,512,13824
2018-03-12T17:57:34.880000Z,9.267387522151365,EV,EVN,00,HHN,2018-03-12T17:57:34.500000Z,2018-03-12T17:57:39.120000Z,100.0,0.01,463,1.0,MSEED,D,9,FLOAT64,>,512,13824
2018-03-12T17:57:34.890000Z,7.69926186670091,EV,EVN,00,HHN,2018-03-12T17:57:34.500000Z,2018-03-12T17:57:39.120000Z,100.0,0.01,463,1.0,MSEED,D,9,FLOAT64,>,512,13824
2018-03-12T17:57:34.900000Z,5.4575775813931,EV,EVN,00,HHN,2018-03-12T17:57:34.500000Z,2018-03-12T17:57:39.120000Z,100.0,0.01,463,1.0,MSEED,D,9,FLOAT64,>,512,13824
2018-03-12T17:57:34.910000Z,2.238497721206434,EV,EVN,00,HHN,2018-03-12T17:57:34.500000Z,2018-03-12T17:57:39.120000Z,100.0,0.01,463,1.0,MSEED,D,9,FLOAT64,>,512,13824
2018-03-12T17:57:34.920000Z,-1.161731067426258,EV,EVN,00,HHN,2018-03-12T17:57:34.500000Z,2018-03-12T17:57:39.120000Z,100.0,0.01,463,1.0,MSEED,D,9,FLOAT64,>,512,13824
2018-03-12T17:57:34.930000Z,-2.3776118982215406,EV,EVN,00,HHN,2018-03-12T17:57:34.500000Z,2018-03-12T17:57:39.120000Z,100.0,0.01,463,1.0,MSEED,D,9,FLOAT64,>,512,13824
2018-03-12T17:57:34.940000Z,-1.9671939384620787,EV,EVN,00,HHN,2018-03-12T17:57:34.500000Z,2018-03-12T17:57:39.120000Z,100.0,0.01,463,1.0,MSEED,D,9,FLOAT64,>,512,13824
2018-03-12T17:57:34.950000Z,-1.0751967555310484,EV,EVN,00,HHN,2018-03-12T17:57:34.500000Z,2018-03-12T17:57:39.120000Z,100.0,0.01,463,1.0,MSEED,D,9,FLOAT64,>,512,13824
2018-03-12T17:57:34.960000Z,0.5137454178662075,EV,EVN,00,HHN,2018-03-12T17:57:34.500000Z,2018-03-12T17:57:39.120000Z,100.0,0.01,463,1.0,MSEED,D,9,FLOAT64,>,512,13824
2018-03-12T17:57:34.970000Z,2.882913556124815,EV,EVN,00,HHN,2018-03-12T17:57:34.500000Z,2018-03-12T17:57:39.120000Z,100.0,0.01,463,1.0,MSEED,D,9,FLOAT64,>,512,13824
2018-03-12T17:57:34.980000Z,5.787763942166309,EV,EVN,00,HHN,2018-03-12T17:57:34.500000Z,2018-03-12T17:57:39.120000Z,100.0,0.01,463,1.0,MSEED,D,9,FLOAT64,>,512,13824
2018-03-12T17:57:34.990000Z,7.377070340362174,EV,EVN,00,HHN,2018-03-12T17:57:34.500000Z,2018-03-12T17:57:39.120000Z,100.0,0.01,463,1.0,MSEED,D,9,FLOAT64,>,512,13824
2018-03-12T17:57:35.000000Z,5.622753170194176,EV,EVN,00,HHN,2018-03-12T17:57:34.500000Z,2018-03-12T17:57:39.120000Z,100.0,0.01,463,1.0,MSEED,D,9,FLOAT64,>,512,13824
2018-03-12T17:57:35.010000Z,2.2325652583460034,EV,EVN,00,HHN,2018-03-12T17:57:34.500000Z,2018-03-12T17:57:39.120000Z,100.0,0.01,463,1.0,MSEED,D,9,FLOAT64,>,512,13824
2018-03-12T17:57:35.020000Z,-0.2116452597747811,EV,EVN,00,HHN,2018-03-12T17:57:34.500000Z,2018-03-12T17:57:39.120000Z,100.0,0.01,463,1.0,MSEED,D,9,FLOAT64,>,512,13824
2018-03-12T17:57:35.030000Z,-1.6225591468776268,EV,EVN,00,HHN,2018-03-12T17:57:34.500000Z,2018-03-12T17:57:39.120000Z,100.0,0.01,463,1.0,MSEED,D,9,FLOAT64,>,512,13824
2018-03-12T17:57:35.040000Z,-1.4797942180953068,EV,EVN,00,HHN,2018-03-12T17:57:34.500000Z,2018-03-12T17:57:39.120000Z,100.0,0.01,463,1.0,MSEED,D,9,FLOAT64,>,512,13824
2018-03-12T17:57:35.050000Z,0.8165279433228254,EV,EVN,00,HHN,2018-03-12T17:57:34.500000Z,2018-03-12T17:57:39.120000Z,100.0,0.01,463,1.0,MSEED,D,9,FLOAT64,>,512,13824
2018-03-12T17:57:35.060000Z,2.809520912065551,EV,EVN,00,HHN,2018-03-12T17:57:34.500000Z,2018-03-12T17:57:39.120000Z,100.0,0.01,463,1.0,MSEED,D,9,FLOAT64,>,512,13824
2018-03-12T17:57:35.070000Z,2.2747260946530066,EV,EVN,00,HHN,2018-03-12T17:57:34.500000Z,2018-03-12T17:57:39.120000Z,100.0,0.01,463,1.0,MSEED,D,9,FLOAT64,>,512,13824
2018-03-12T17:57:35.080000Z,0.41929402015779393,EV,EVN,00,HHN,2018-03-12T17:57:34.500000Z,2018-03-12T17:57:39.120000Z,100.0,0.01,463,1.0,MSEED,D,9,FLOAT64,>,512,13824
2018-03-12T17:57:35.090000Z,-1.4879372908768054,EV,EVN,00,HHN,2018-03-12T17:57:34.500000Z,2018-03-12T17:57:39.120000Z,100.0,0.01,463,1.0,MSEED,D,9,FLOAT64,>,512,13824
2018-03-12T17:57:35.100000Z,-3.2767551711343943,EV,EVN,00,HHN,2018-03-12T17:57:34.500000Z,2018-03-12T17:57:39.120000Z,100.0,0.01,463,1.0,MSEED,D,9,FLOAT64,>,512,13824
2018-03-12T17:57:35.110000Z,-3.52767562248257,EV,EVN,00,HHN,2018-03-12T17:57:34.500000Z,2018-03-12T17:57:39.120000Z,100.0,0.01,463,1.0,MSEED,D,9,FLOAT64,>,512,13824
2018-03-12T17:57:35.120000Z,-1.6056382863581313,EV,EVN,00,HHN,2018-03-12T17:57:34.500000Z,2018-03-12T17:57:39.120000Z,100.0,0.01,463,1.0,MSEED,D,9,FLOAT64,>,512,13824
2018-03-12T17:57:35.130000Z,0.7297164023676483,EV,EVN,00,HHN,2018-03-12T17:57:34.500000Z,2018-03-12T17:57:39.120000Z,100.0,0.01,463,1.0,MSEED,D,9,FLOAT64,>,512,13824
2018-03-12T17:57:35.140000Z,2.202730972467088,EV,EVN,00,HHN,2018-03-12T17:57:34.500000Z,2018-03-12T17:57:39.120000Z,100.0,0.01,463,1.0,MSEED,D,9,FLOAT64,>,512,13824
2018-03-12T17:57:35.150000Z,2.5200501408393126,EV,EVN,00,HHN,2018-03-12T17:57:34.500000Z,2018-03-12T17:57:39.120000Z,100.0,0.01,463,1.0,MSEED,D,9,FLOAT64,>,512,13824
2018-03-12T17:57:35.160000Z,1.973151789670312,EV,EVN,00,HHN,2018-03-12T17:57:34.500000Z,2018-03-12T17:57:39.120000Z,100.0,0.01,463,1.0,MSEED,D,9,FLOAT64,>,512,13824
2018-03-12T17:57:35.170000Z,2.514214194053602,EV,EVN,00,HHN,2018-03-12T17:57:34.500000Z,2018-03-12T17:57:39.120000Z,100.0,0.01,463,1.0,MSEED,D,9,FLOAT64,>,512,13824
2018-03-12T17:57:35.180000Z,4.876172358751981,EV,EVN,00,HHN,2018-03-12T17:57:34.500000Z,2018-03-12T17:57:39.120000Z,100.0,0.01,463,1.0,MSEED,D,9,FLOAT64,>,512,13824
2018-03-12T17:57:35.190000Z,6.3580957318633455,EV,EVN,00,HHN,2018-03-12T17:57:34.500000Z,2018-03-12T17:57:39.120000Z,100.0,0.01,463,1.0,MSEED,D,9,FLOAT64,>,512,13824
2018-03-12T17:57:35.200000Z,5.045528739244247,EV,EVN,00,HHN,2018-03-12T17:57:34.500000Z,2018-03-12T17:57:39.120000Z,100.0,0.01,463,1.0,MSEED,D,9,FLOAT64,>,512,13824
2018-03-12T17:57:35.210000Z,2.2556039768921567,EV,EVN,00,HHN,2018-03-12T17:57:34.500000Z,2018-03-12T17:57:39.120000Z,100.0,0.01,463,1.0,MSEED,D,9,FLOAT64,>,512,13824
2018-03-12T17:57:35.220000Z,-0.25927091986916273,EV,EVN,00,HHN,2018-03-12T17:57:34.500000Z,2018-03-12T17:57:39.120000Z,100.0,0.01,463,1.0,MSEED,D,9,FLOAT64,>,512,13824
2018-03-12T17:57:35.230000Z,-1.5262825102817799,EV,EVN,00,HHN,2018-03-12T17:57:34.500000Z,2018-03-12T17:57:39.120000Z,100.0,0.01,463,1.0,MSEED,D,9,FLOAT64,>,512,13824
2018-03-12T17:57:35.240000Z,-1.0338196584654453,EV,EVN,00,HHN,2018-03-12T17:57:34.500000Z,2018-03-12T17:57:39.120000Z,100.0,0.01,463,1.0,MSEED,D,9,FLOAT64,>,512,13824
2018-03-12T17:57:35.250000Z,-0.044391515571837736,EV,EVN,00,HHN,2018-03-12T17:57:34.500000Z,2018-03-12T17:57:39.120000Z,100.0,0.01,463,1.0,MSEED,D,9,FLOAT64,>,512,13824
2018-03-12T17:57:35.260000Z,-0.26150765804308795,EV,EVN,00,HHN,2018-03-12T17:57:34.500000Z,2018-03-12T17:57:39.120000Z,100.0,0.01,463,1.0,MSEED,D,9,FLOAT64,>,512,13824
2018-03-12T17:57:35.270000Z,-0.3892837250366634,EV,EVN,00,HHN,2018-03-12T17:57:34.500000Z,2018-03-12T17:57:39.120000Z,100.0,0.01,463,1.0,MSEED,D,9,FLOAT64,>,512,13824
2018-03-12T17:57:35.280000Z,0.893465396106804,EV,EVN,00,HHN,2018-03-12T17:57:34.500000Z,2018-03-12T17:57:39.120000Z,100.0,0.01,463,1.0,MSEED,D,9,FLOAT64,>,512,13824
2018-03-12T17:57:35.290000Z,0.5183401539195662,EV,EVN,00,HHN,2018-03-12T17:57:34.500000Z,2018-03-12T17:57:39.120000Z,100.0,0.01,463,1.0,MSEED,D,9,FLOAT64,>,512,13824
2018-03-12T17:57:35.300000Z,-3.7070338750581993,EV,EVN,00,HHN,2018-03-12T17:57:34.500000Z,2018-03-12T17:57:39.120000Z,100.0,0.01,463,1.0,MSEED,D,9,FLOAT64,>,512,13824
2018-03-12T17:57:35.310000Z,-7.96341935574615,EV,EVN,00,HHN,2018-03-12T17:57:34.500000Z,2018-03-12T17:57:39.120000Z,100.0,0.01,463,1.0,MSEED,D,9,FLOAT64,>,512,13824
2018-03-12T17:57:35.320000Z,-8.616434215213943,EV,EVN,00,HHN,2018-03-12T17:57:34.500000Z,2018-03-12T17:57:39.120000Z,100.0,0.01,463,1.0,MSEED,D,9,FLOAT64,>,512,13824
2018-03-12T17:57:35.330000Z,-7.88777925761886,EV,EVN,00,HHN,2018-03-12T17:57:34.500000Z,2018-03-12T17:57:39.120000Z,100.0,0.01,463,1.0,MSEED,D,9,FLOAT64,>,512,13824
2018-03-12T17:57:35.340000Z,-8.520404006148924,EV,EVN,00,HHN,2018-03-12T17:57:34.500000Z,2018-03-12T17:57:39.120000Z,100.0,0.01,463,1.0,MSEED,D,9,FLOAT64,>,512,13824
2018-03-12T17:57:35.350000Z,-8.437606190273225,EV,EVN,00,HHN,2018-03-12T17:57:34.500000Z,2018-03-12T17:57:39.120000Z,100.0,0.01,463,1.0,MSEED,D,9,FLOAT64,>,512,13824
2018-03-12T17:57:35.360000Z,-6.282448045262768,EV,EVN,00,HHN,2018-03-12T17:57:34.500000Z,2018-03-12T17:57:39.120000Z,100.0,0.01,463,1.0,MSEED,D,9,FLOAT64,>,512,13824
2018-03-12T17:57:35.370000Z,-5.599864718703904,EV,EVN,00,HHN,2018-03-12T17:57:34.500000Z,2018-03-12T17:57:39.120000Z,100.0,0.01,463,1.0,MSEED,D,9,FLOAT64,>,512,13824
2018-03-12T17:57:35.380000Z,-6.933116878265451,EV,EVN,00,HHN,2018-03-12T17:57:34.500000Z,2018-03-12T17:57:39.120000Z,100.0,0.01,463,1.0,MSEED,D,9,FLOAT64,>,512,13824
2018-03-12T17:57:35.390000Z,-6.0477510279474185,EV,EVN,00,HHN,2018-03-12T17:57:34.500000Z,2018-03-12T17:57:39.120000Z,100.0,0.01,463,1.0,MSEED,D,9,FLOAT64,>,512,13824
2018-03-12T17:57:35.400000Z,-4.242526775746108,EV,EVN,00,HHN,2018-03-12T17:57:34.500000Z,2018-03-12T17:57:39.120000Z,100.0,0.01,463,1.0,MSEED,D,9,FLOAT64,>,512,13824
2018-03-12T17:57:35.410000Z,-5.956018609507949,EV,EVN,00,HHN,2018-03-12T17:57:34.500000Z,2018-03-12T17:57:39.120000Z,100.0,0.01,463,1.0,MSEED,D,9,FLOAT64,>,512,13824
2018-03-12T17:57:35.420000Z,-7.466698196797502,EV,EVN,00,HHN,2018-03-12T17:57:34.500000Z,2018-03-12T17:57:39.120000Z,100.0,0.01,463,1.0,MSEED,D,9,FLOAT64,>,512,13824
2018-03-12T17:57:35.430000Z,-3.081780587640684,EV,EVN,00,HHN,2018-03-12T17:57:34.500000Z,2018-03-12T17:57:39.120000Z,100.0,0.01,463,1.0,MSEED,D,9,FLOAT64,>,512,13824
2018-03-12T17:57:35.440000Z,3.365180127610465,EV,EVN,00,HHN,2018-03-12T17:57:34.500000Z,2018-03-12T17:57:39.120000Z,100.0,0.01,463,1.0,MSEED,D,9,FLOAT64,>,512,13824
2018-03-12T17:57:35.450000Z,4.807855882244501,EV,EVN,00,HHN,2018-03-12T17:57:34.500000Z,2018-03-12T17:57:39.120000Z,100.0,0.01,463,1.0,MSEED,D,9,FLOAT64,>,512,13824
2018-03-12T17:57:35.460000Z,2.7390656607188903,EV,EVN,00,HHN,2018-03-12T17:57:34.500000Z,2018-03-12T17:57:39.120000Z,100.0,0.01,463,1.0,MSEED,D,9,FLOAT64,>,512,13824
2018-03-12T17:57:35.470000Z,4.0457223106188405,EV,EVN,00,HHN,2018-03-12T17:57:34.500000Z,2018-03-12T17:57:39.120000Z,100.0,0.01,463,1.0,MSEED,D,9,FLOAT64,>,512,13824
2018-03-12T17:57:35.480000Z,8.521466578558266,EV,EVN,00,HHN,2018-03-12T17:57:34.500000Z,2018-03-12T17:57:39.120000Z,100.0,0.01,463,1.0,MSEED,D,9,FLOAT64,>,512,13824
2018-03-12T17:57:35.490000Z,9.187200705168031,EV,EVN,00,HHN,2018-03-12T17:57:34.500000Z,2018-03-12T17:57:39.120000Z,100.0,0.01,463,1.0,MSEED,D,9,FLOAT64,>,512,13824
2018-03-12T17:57:35.500000Z,5.336296643158219,EV,EVN,00,HHN,2018-03-12T17:57:34.500000Z,2018-03-12T17:57:39.120000Z,100.0,0.01,463,1.0,MSEED,D,9,FLOAT64,>,512,13824
2018-03-12T17:57:35.510000Z,2.9282459511767387,EV,EVN,00,HHN,2018-03-12T17:57:34.500000Z,2018-03-12T17:57:39.120000Z,100.0,0.01,463,1.0,MSEED,D,9,FLOAT64,>,512,13824
2018-03-12T17:57:35.520000Z,2.2251319200444306,EV,EVN,00,HHN,2018-03-12T17:57:34.500000Z,2018-03-12T17:57:39.120000Z,100.0,0.01,463,1.0,MSEED,D,9,FLOAT64,>,512,13824
2018-03-12T17:57:35.530000Z,-1.0761428380031888,EV,EVN,00,HHN,2018-03-12T17:57:34.500000Z,2018-03-12T17:57:39.120000Z,100.0,0.01,463,1.0,MSEED,D,9,FLOAT64,>,512,13824
2018-03-12T17:57:35.540000Z,-4.518280128920164,EV,EVN,00,HHN,2018-03-12T17:57:34.500000Z,2018-03-12T17:57:39.120000Z,100.0,0.01,463,1.0,MSEED,D,9,FLOAT64,>,512,13824
2018-03-12T17:57:35.550000Z,-3.73750709420312,EV,EVN,00,HHN,2018-03-12T17:57:34.500000Z,2018-03-12T17:57:39.120000Z,100.0,0.01,463,1.0,MSEED,D,9,FLOAT64,>,512,13824
2018-03-12T17:57:35.560000Z,-5.258787254233118,EV,EVN,00,HHN,2018-03-12T17:57:34.500000Z,2018-03-12T17:57:39.120000Z,100.0,0.01,463,1.0,MSEED,D,9,FLOAT64,>,512,13824
2018-03-12T17:57:35.570000Z,-17.287687198162228,EV,EVN,00,HHN,2018-03-12T17:57:34.500000Z,2018-03-12T17:57:39.120000Z,100.0,0.01,463,1.0,MSEED,D,9,FLOAT64,>,512,13824
2018-03-12T17:57:35.580000Z,-32.17231467777485,EV,EVN,00,HHN,2018-03-12T17:57:34.500000Z,2018-03-12T17:57:39.120000Z,100.0,0.01,463,1.0,MSEED,D,9,FLOAT64,>,512,13824
2018-03-12T17:57:35.590000Z,-34.51439589136284,EV,EVN,00,HHN,2018-03-12T17:57:34.500000Z,2018-03-12T17:57:39.120000Z,100.0,0.01,463,1.0,MSEED,D,9,FLOAT64,>,512,13824
2018-03-12T17:57:35.600000Z,-19.10414921807712,EV,EVN,00,HHN,2018-03-12T17:57:34.500000Z,2018-03-12T17:57:39.120000Z,100.0,0.01,463,1.0,MSEED,D,9,FLOAT64,>,512,13824
2018-03-12T17:57:35.610000Z,7.087292231342396,EV,EVN,00,HHN,2018-03-12T17:57:34.500000Z,2018-03-12T17:57:39.120000Z,100.0,0.01,463,1.0,MSEED,D,9,FLOAT64,>,512,13824
2018-03-12T17:57:35.620000Z,28.671384651078917,EV,EVN,00,HHN,2018-03-12T17:57:34.500000Z,2018-03-12T17:57:39.120000Z,100.0,0.01,463,1.0,MSEED,D,9,FLOAT64,>,512,13824
2018-03-12T17:57:35.630000Z,33.08907589768468,EV,EVN,00,HHN,2018-03-12T17:57:34.500000Z,2018-03-12T17:57:39.120000Z,100.0,0.01,463,1.0,MSEED,D,9,FLOAT64,>,512,13824
2018-03-12T17:57:35.640000Z,25.47731561341715,EV,EVN,00,HHN,2018-03-12T17:57:34.500000Z,2018-03-12T17:57:39.120000Z,100.0,0.01,463,1.0,MSEED,D,9,FLOAT64,>,512,13824
2018-03-12T17:57:35.650000Z,14.116605013726238,EV,EVN,00,HHN,2018-03-12T17:57:34.500000Z,2018-03-12T17:57:39.120000Z,100.0,0.01,463,1.0,MSEED,D,9,FLOAT64,>,512,13824
2018-03-12T17:57:35.660000Z,-7.287293698464708,EV,EVN,00,HHN,2018-03-12T17:57:34.500000Z,2018-03-12T17:57:39.120000Z,100.0,0.01,463,1.0,MSEED,D,9,FLOAT64,>,512,13824
2018-03-12T17:57:35.670000Z,-34.95585904767758,EV,EVN,00,HHN,2018-03-12T17:57:34.500000Z,2018-03-12T17:57:39.120000Z,100.0,0.01,463,1.0,MSEED,D,9,FLOAT64,>,512,13824
2018-03-12T17:57:35.680000Z,-40.48750429359231,EV,EVN,00,HHN,2018-03-12T17:57:34.500000Z,2018-03-12T17:57:39.120000Z,100.0,0.01,463,1.0,MSEED,D,9,FLOAT64,>,512,13824
2018-03-12T17:57:35.690000Z,-4.916078858445995,EV,EVN,00,HHN,2018-03-12T17:57:34.500000Z,2018-03-12T17:57:39.120000Z,100.0,0.01,463,1.0,MSEED,D,9,FLOAT64,>,512,13824
2018-03-12T17:57:35.700000Z,56.915175507725664,EV,EVN,00,HHN,2018-03-12T17:57:34.500000Z,2018-03-12T17:57:39.120000Z,100.0,0.01,463,1.0,MSEED,D,9,FLOAT64,>,512,13824
2018-03-12T17:57:35.710000Z,102.3516289921993,EV,EVN,00,HHN,2018-03-12T17:57:34.500000Z,2018-03-12T17:57:39.120000Z,100.0,0.01,463,1.0,MSEED,D,9,FLOAT64,>,512,13824
2018-03-12T17:57:35.720000Z,81.42198898164986,EV,EVN,00,HHN,2018-03-12T17:57:34.500000Z,2018-03-12T17:57:39.120000Z,100.0,0.01,463,1.0,MSEED,D,9,FLOAT64,>,512,13824
2018-03-12T17:57:35.730000Z,-10.381034542099528,EV,EVN,00,HHN,2018-03-12T17:57:34.500000Z,2018-03-12T17:57:39.120000Z,100.0,0.01,463,1.0,MSEED,D,9,FLOAT64,>,512,13824
2018-03-12T17:57:35.740000Z,-98.4682748198638,EV,EVN,00,HHN,2018-03-12T17:57:34.500000Z,2018-03-12T17:57:39.120000Z,100.0,0.01,463,1.0,MSEED,D,9,FLOAT64,>,512,13824
2018-03-12T17:57:35.750000Z,-93.97935075984208,EV,EVN,00,HHN,2018-03-12T17:57:34.500000Z,2018-03-12T17:57:39.120000Z,100.0,0.01,463,1.0,MSEED,D,9,FLOAT64,>,512,13824
2018-03-12T17:57:35.760000Z,0.4380735284328807,EV,EVN,00,HHN,2018-03-12T17:57:34.500000Z,2018-03-12T17:57:39.120000Z,100.0,0.01,463,1.0,MSEED,D,9,FLOAT64,>,512,13824
2018-03-12T17:57:35.770000Z,69.80937068178102,EV,EVN,00,HHN,2018-03-12T17:57:34.500000Z,2018-03-12T17:57:39.120000Z,100.0,0.01,463,1.0,MSEED,D,9,FLOAT64,>,512,13824
2018-03-12T17:57:35.780000Z,17.3199939488518,EV,EVN,00,HHN,2018-03-12T17:57:34.500000Z,2018-03-12T17:57:39.120000Z,100.0,0.01,463,1.0,MSEED,D,9,FLOAT64,>,512,13824
2018-03-12T17:57:35.790000Z,-74.91978599700504,EV,EVN,00,HHN,2018-03-12T17:57:34.500000Z,2018-03-12T17:57:39.120000Z,100.0,0.01,463,1.0,MSEED,D,9,FLOAT64,>,512,13824
2018-03-12T17:57:35.800000Z,-45.603319123273174,EV,EVN,00,HHN,2018-03-12T17:57:34.500000Z,2018-03-12T17:57:39.120000Z,100.0,0.01,463,1.0,MSEED,D,9,FLOAT64,>,512,13824
2018-03-12T17:57:35.810000Z,60.18877112064797,EV,EVN,00,HHN,2018-03-12T17:57:34.500000Z,2018-03-12T17:57:39.120000Z,100.0,0.01,463,1.0,MSEED,D,9,FLOAT64,>,512,13824
2018-03-12T17:57:35.820000Z,35.1051695084293,EV,EVN,00,HHN,2018-03-12T17:57:34.500000Z,2018-03-12T17:57:39.120000Z,100.0,0.01,463,1.0,MSEED,D,9,FLOAT64,>,512,13824
2018-03-12T17:57:35.830000Z,-115.52333966669308,EV,EVN,00,HHN,2018-03-12T17:57:34.500000Z,2018-03-12T17:57:39.120000Z,100.0,0.01,463,1.0,MSEED,D,9,FLOAT64,>,512,13824
2018-03-12T17:57:35.840000Z,-128.81527153982384,EV,EVN,00,HHN,2018-03-12T17:57:34.500000Z,2018-03-12T17:57:39.120000Z,100.0,0.01,463,1.0,MSEED,D,9,FLOAT64,>,512,13824
2018-03-12T17:57:35.850000Z,86.70587360929026,EV,EVN,00,HHN,2018-03-12T17:57:34.500000Z,2018-03-12T17:57:39.120000Z,100.0,0.01,463,1.0,MSEED,D,9,FLOAT64,>,512,13824
2018-03-12T17:57:35.860000Z,247.58772303170286,EV,EVN,00,HHN,2018-03-12T17:57:34.500000Z,2018-03-12T17:57:39.120000Z,100.0,0.01,463,1.0,MSEED,D,9,FLOAT64,>,512,13824
2018-03-12T17:57:35.870000Z,105.33920280697633,EV,EVN,00,HHN,2018-03-12T17:57:34.500000Z,2018-03-12T17:57:39.120000Z,100.0,0.01,463,1.0,MSEED,D,9,FLOAT64,>,512,13824
2018-03-12T17:57:35.880000Z,-150.3909889297122,EV,EVN,00,HHN,2018-03-12T17:57:34.500000Z,2018-03-12T17:57:39.120000Z,100.0,0.01,463,1.0,MSEED,D,9,FLOAT64,>,512,13824
2018-03-12T17:57:35.890000Z,-167.37315798110882,EV,EVN,00,HHN,2018-03-12T17:57:34.500000Z,2018-03-12T17:57:39.120000Z,100.0,0.01,463,1.0,MSEED,D,9,FLOAT64,>,512,13824
2018-03-12T17:57:35.900000Z,41.38790745258385,EV,EVN,00,HHN,2018-03-12T17:57:34.500000Z,2018-03-12T17:57:39.120000Z,100.0,0.01,463,1.0,MSEED,D,9,FLOAT64,>,512,13824
2018-03-12T17:57:35.910000Z,165.85836479272183,EV,EVN,00,HHN,2018-03-12T17:57:34.500000Z,2018-03-12T17:57:39.120000Z,100.0,0.01,463,1.0,MSEED,D,9,FLOAT64,>,512,13824
2018-03-12T17:57:35.920000Z,88.4257223630105,EV,EVN,00,HHN,2018-03-12T17:57:34.500000Z,2018-03-12T17:57:39.120000Z,100.0,0.01,463,1.0,MSEED,D,9,FLOAT64,>,512,13824
2018-03-12T17:57:35.930000Z,-20.518813718833268,EV,EVN,00,HHN,2018-03-12T17:57:34.500000Z,2018-03-12T17:57:39.120000Z,100.0,0.01,463,1.0,MSEED,D,9,FLOAT64,>,512,13824
2018-03-12T17:57:35.940000Z,-35.12853654053155,EV,EVN,00,HHN,2018-03-12T17:57:34.500000Z,2018-03-12T17:57:39.120000Z,100.0,0.01,463,1.0,MSEED,D,9,FLOAT64,>,512,13824
2018-03-12T17:57:35.950000Z,-21.808992122290178,EV,EVN,00,HHN,2018-03-12T17:57:34.500000Z,2018-03-12T17:57:39.120000Z,100.0,0.01,463,1.0,MSEED,D,9,FLOAT64,>,512,13824
2018-03-12T17:57:35.960000Z,-61.8937663808181,EV,EVN,00,HHN,2018-03-12T17:57:34.500000Z,2018-03-12T17:57:39.120000Z,100.0,0.01,463,1.0,MSEED,D,9,FLOAT64,>,512,13824
2018-03-12T17:57:35.970000Z,-106.16660938315422,EV,EVN,00,HHN,2018-03-12T17:57:34.500000Z,2018-03-12T17:57:39.120000Z,100.0,0.01,463,1.0,MSEED,D,9,FLOAT64,>,512,13824
2018-03-12T17:57:35.980000Z,-39.979574025199526,EV,EVN,00,HHN,2018-03-12T17:57:34.500000Z,2018-03-12T17:57:39.120000Z,100.0,0.01,463,1.0,MSEED,D,9,FLOAT64,>,512,13824
2018-03-12T17:57:35.990000Z,135.78511148846928,EV,EVN,00,HHN,2018-03-12T17:57:34.500000Z,2018-03-12T17:57:39.120000Z,100.0,0.01,463,1.0,MSEED,D,9,FLOAT64,>,512,13824
2018-03-12T17:57:36.000000Z,222.47097955092164,EV,EVN,00,HHN,2018-03-12T17:57:34.500000Z,2018-03-12T17:57:39.120000Z,100.0,0.01,463,1.0,MSEED,D,9,FLOAT64,>,512,13824
2018-03-12T17:57:36.010000Z,49.08133841370751,EV,EVN,00,HHN,2018-03-12T17:57:34.500000Z,2018-03-12T17:57:39.120000Z,100.0,0.01,463,1.0,MSEED,D,9,FLOAT64,>,512,13824
2018-03-12T17:57:36.020000Z,-222.22722638585927,EV,EVN,00,HHN,2018-03-12T17:57:34.500000Z,2018-03-12T17:57:39.120000Z,100.0,0.01,463,1.0,MSEED,D,9,FLOAT64,>,512,13824
2018-03-12T17:57:36.030000Z,-251.7300738991807,EV,EVN,00,HHN,2018-03-12T17:57:34.500000Z,2018-03-12T17:57:39.120000Z,100.0,0.01,463,1.0,MSEED,D,9,FLOAT64,>,512,13824
2018-03-12T17:57:36.040000Z,-7.30114943546684,EV,EVN,00,HHN,2018-03-12T17:57:34.500000Z,2018-03-12T17:57:39.120000Z,100.0,0.01,463,1.0,MSEED,D,9,FLOAT64,>,512,13824
2018-03-12T17:57:36.050000Z,185.32657041781,EV,EVN,00,HHN,2018-03-12T17:57:34.500000Z,2018-03-12T17:57:39.120000Z,100.0,0.01,463,1.0,MSEED,D,9,FLOAT64,>,512,13824
2018-03-12T17:57:36.060000Z,110.87700503699726,EV,EVN,00,HHN,2018-03-12T17:57:34.500000Z,2018-03-12T17:57:39.120000Z,100.0,0.01,463,1.0,MSEED,D,9,FLOAT64,>,512,13824
2018-03-12T17:57:36.070000Z,-81.47860241139445,EV,EVN,00,HHN,2018-03-12T17:57:34.500000Z,2018-03-12T17:57:39.120000Z,100.0,0.01,463,1.0,MSEED,D,9,FLOAT64,>,512,13824
2018-03-12T17:57:36.080000Z,-137.22841045495056,EV,EVN,00,HHN,2018-03-12T17:57:34.500000Z,2018-03-12T17:57:39.120000Z,100.0,0.01,463,1.0,MSEED,D,9,FLOAT64,>,512,13824
2018-03-12T17:57:36.090000Z,-15.352175109015615,EV,EVN,00,HHN,2018-03-12T17:57:34.500000Z,2018-03-12T17:57:39.120000Z,100.0,0.01,463,1.0,MSEED,D,9,FLOAT64,>,512,13824
2018-03-12T17:57:36.100000Z,114.08717293606658,EV,EVN,00,HHN,2018-03-12T17:57:34.500000Z,2018-03-12T17:57:39.120000Z,100.0,0.01,463,1.0,MSEED,D,9,FLOAT64,>,512,13824
2018-03-12T17:57:36.110000Z,105.12231736791747,EV,EVN,00,HHN,2018-03-12T17:57:34.500000Z,2018-03-12T17:57:39.120000Z,100.0,0.01,463,1.0,MSEED,D,9,FLOAT64,>,512,13824
2018-03-12T17:57:36.120000Z,3.9567603282613195,EV,EVN,00,HHN,2018-03-12T17:57:34.500000Z,2018-03-12T17:57:39.120000Z,100.0,0.01,463,1.0,MSEED,D,9,FLOAT64,>,512,13824
2018-03-12T17:57:36.130000Z,-37.445481504144524,EV,EVN,00,HHN,2018-03-12T17:57:34.500000Z,2018-03-12T17:57:39.120000Z,100.0,0.01,463,1.0,MSEED,D,9,FLOAT64,>,512,13824
2018-03-12T17:57:36.140000Z,17.23319901554414,EV,EVN,00,HHN,2018-03-12T17:57:34.500000Z,2018-03-12T17:57:39.120000Z,100.0,0.01,463,1.0,MSEED,D,9,FLOAT64,>,512,13824
2018-03-12T17:57:36.150000Z,39.88022673035124,EV,EVN,00,HHN,2018-03-12T17:57:34.500000Z,2018-03-12T17:57:39.120000Z,100.0,0.01,463,1.0,MSEED,D,9,FLOAT64,>,512,13824
2018-03-12T17:57:36.160000Z,-56.65001986486951,EV,EVN,00,HHN,2018-03-12T17:57:34.500000Z,2018-03-12T17:57:39.120000Z,100.0,0.01,463,1.0,MSEED,D,9,FLOAT64,>,512,13824
2018-03-12T17:57:36.170000Z,-162.86154142151952,EV,EVN,00,HHN,2018-03-12T17:57:34.500000Z,2018-03-12T17:57:39.120000Z,100.0,0.01,463,1.0,MSEED,D,9,FLOAT64,>,512,13824
2018-03-12T17:57:36.180000Z,-125.5016638471371,EV,EVN,00,HHN,2018-03-12T17:57:34.500000Z,2018-03-12T17:57:39.120000Z,100.0,0.01,463,1.0,MSEED,D,9,FLOAT64,>,512,13824
2018-03-12T17:57:36.190000Z,13.438648986588117,EV,EVN,00,HHN,2018-03-12T17:57:34.500000Z,2018-03-12T17:57:39.120000Z,100.0,0.01,463,1.0,MSEED,D,9,FLOAT64,>,512,13824
2018-03-12T17:57:36.200000Z,76.9912517192306,EV,EVN,00,HHN,2018-03-12T17:57:34.500000Z,2018-03-12T17:57:39.120000Z,100.0,0.01,463,1.0,MSEED,D,9,FLOAT64,>,512,13824
2018-03-12T17:57:36.210000Z,19.39909097062916,EV,EVN,00,HHN,2018-03-12T17:57:34.500000Z,2018-03-12T17:57:39.120000Z,100.0,0.01,463,1.0,MSEED,D,9,FLOAT64,>,512,13824
2018-03-12T17:57:36.220000Z,-30.968532542723402,EV,EVN,00,HHN,2018-03-12T17:57:34.500000Z,2018-03-12T17:57:39.120000Z,100.0,0.01,463,1.0,MSEED,D,9,FLOAT64,>,512,13824
2018-03-12T17:57:36.230000Z,10.92661060709414,EV,EVN,00,HHN,2018-03-12T17:57:34.500000Z,2018-03-12T17:57:39.120000Z,100.0,0.01,463,1.0,MSEED,D,9,FLOAT64,>,512,13824
2018-03-12T17:57:36.240000Z,85.42476642243446,EV,EVN,00,HHN,2018-03-12T17:57:34.500000Z,2018-03-12T17:57:39.120000Z,100.0,0.01,463,1.0,MSEED,D,9,FLOAT64,>,512,13824
2018-03-12T17:57:36.250000Z,109.1901054762448,EV,EVN,00,HHN,2018-03-12T17:57:34.500000Z,2018-03-12T17:57:39.120000Z,100.0,0.01,463,1.0,MSEED,D,9,FLOAT64,>,512,13824
2018-03-12T17:57:36.260000Z,64.70758918343424,EV,EVN,00,HHN,2018-03-12T17:57:34.500000Z,2018-03-12T17:57:39.120000Z,100.0,0.01,463,1.0,MSEED,D,9,FLOAT64,>,512,13824
2018-03-12T17:57:36.270000Z,-15.919159721778954,EV,EVN,00,HHN,2018-03-12T17:57:34.500000Z,2018-03-12T17:57:39.120000Z,100.0,0.01,463,1.0,MSEED,D,9,FLOAT64,>,512,13824
2018-03-12T17:57:36.280000Z,-58.302445301774675,EV,EVN,00,HHN,2018-03-12T17:57:34.500000Z,2018-03-12T17:57:39.120000Z,100.0,0.01,463,1.0,MSEED,D,9,FLOAT64,>,512,13824
2018-03-12T17:57:36.290000Z,1.5271528480675975,EV,EVN,00,HHN,2018-03-12T17:57:34.500000Z,2018-03-12T17:57:39.120000Z,100.0,0.01,463,1.0,MSEED,D,9,FLOAT64,>,512,13824
2018-03-12T17:57:36.300000Z,100.43247352267474,EV,EVN,00,HHN,2018-03-12T17:57:34.500000Z,2018-03-12T17:57:39.120000Z,100.0,0.01,463,1.0,MSEED,D,9,FLOAT64,>,512,13824
2018-03-12T17:57:36.310000Z,89.50933544348699,EV,EVN,00,HHN,2018-03-12T17:57:34.500000Z,2018-03-12T17:57:39.120000Z,100.0,0.01,463,1.0,MSEED,D,9,FLOAT64,>,512,13824
2018-03-12T17:57:36.320000Z,-54.95488294172486,EV,EVN,00,HHN,2018-03-12T17:57:34.500000Z,2018-03-12T17:57:39.120000Z,100.0,0.01,463,1.0,MSEED,D,9,FLOAT64,>,512,13824
2018-03-12T17:57:36.330000Z,-185.04557235417892,EV,EVN,00,HHN,2018-03-12T17:57:34.500000Z,2018-03-12T17:57:39.120000Z,100.0,0.01,463,1.0,MSEED,D,9,FLOAT64,>,512,13824
2018-03-12T17:57:36.340000Z,-181.5805449993482,EV,EVN,00,HHN,2018-03-12T17:57:34.500000Z,2018-03-12T17:57:39.120000Z,100.0,0.01,463,1.0,MSEED,D,9,FLOAT64,>,512,13824
2018-03-12T17:57:36.350000Z,-80.72070733283871,EV,EVN,00,HHN,2018-03-12T17:57:34.500000Z,2018-03-12T17:57:39.120000Z,100.0,0.01,463,1.0,MSEED,D,9,FLOAT64,>,512,13824
2018-03-12T17:57:36.360000Z,22.022578820911846,EV,EVN,00,HHN,2018-03-12T17:57:34.500000Z,2018-03-12T17:57:39.120000Z,100.0,0.01,463,1.0,MSEED,D,9,FLOAT64,>,512,13824
2018-03-12T17:57:36.370000Z,81.79521888440537,EV,EVN,00,HHN,2018-03-12T17:57:34.500000Z,2018-03-12T17:57:39.120000Z,100.0,0.01,463,1.0,MSEED,D,9,FLOAT64,>,512,13824
2018-03-12T17:57:36.380000Z,94.93564155027636,EV,EVN,00,HHN,2018-03-12T17:57:34.500000Z,2018-03-12T17:57:39.120000Z,100.0,0.01,463,1.0,MSEED,D,9,FLOAT64,>,512,13824
2018-03-12T17:57:36.390000Z,73.80869697357302,EV,EVN,00,HHN,2018-03-12T17:57:34.500000Z,2018-03-12T17:57:39.120000Z,100.0,0.01,463,1.0,MSEED,D,9,FLOAT64,>,512,13824
2018-03-12T17:57:36.400000Z,57.06356995393939,EV,EVN,00,HHN,2018-03-12T17:57:34.500000Z,2018-03-12T17:57:39.120000Z,100.0,0.01,463,1.0,MSEED,D,9,FLOAT64,>,512,13824
2018-03-12T17:57:36.410000Z,75.53334930839026,EV,EVN,00,HHN,2018-03-12T17:57:34.500000Z,2018-03-12T17:57:39.120000Z,100.0,0.01,463,1.0,MSEED,D,9,FLOAT64,>,512,13824
2018-03-12T17:57:36.420000Z,92.35863753710683,EV,EVN,00,HHN,2018-03-12T17:57:34.500000Z,2018-03-12T17:57:39.120000Z,100.0,0.01,463,1.0,MSEED,D,9,FLOAT64,>,512,13824
2018-03-12T17:57:36.430000Z,39.041672895418344,EV,EVN,00,HHN,2018-03-12T17:57:34.500000Z,2018-03-12T17:57:39.120000Z,100.0,0.01,463,1.0,MSEED,D,9,FLOAT64,>,512,13824
2018-03-12T17:57:36.440000Z,-75.95161235950196,EV,EVN,00,HHN,2018-03-12T17:57:34.500000Z,2018-03-12T17:57:39.120000Z,100.0,0.01,463,1.0,MSEED,D,9,FLOAT64,>,512,13824
2018-03-12T17:57:36.450000Z,-153.93881009209153,EV,EVN,00,HHN,2018-03-12T17:57:34.500000Z,2018-03-12T17:57:39.120000Z,100.0,0.01,463,1.0,MSEED,D,9,FLOAT64,>,512,13824
2018-03-12T17:57:36.460000Z,-120.97739153255486,EV,EVN,00,HHN,2018-03-12T17:57:34.500000Z,2018-03-12T17:57:39.120000Z,100.0,0.01,463,1.0,MSEED,D,9,FLOAT64,>,512,13824
2018-03-12T17:57:36.470000Z,-15.221022499227242,EV,EVN,00,HHN,2018-03-12T17:57:34.500000Z,2018-03-12T17:57:39.120000Z,100.0,0.01,463,1.0,MSEED,D,9,FLOAT64,>,512,13824
2018-03-12T17:57:36.480000Z,54.92214302463598,EV,EVN,00,HHN,2018-03-12T17:57:34.500000Z,2018-03-12T17:57:39.120000Z,100.0,0.01,463,1.0,MSEED,D,9,FLOAT64,>,512,13824
2018-03-12T17:57:36.490000Z,22.589960533001417,EV,EVN,00,HHN,2018-03-12T17:57:34.500000Z,2018-03-12T17:57:39.120000Z,100.0,0.01,463,1.0,MSEED,D,9,FLOAT64,>,512,13824
2018-03-12T17:57:36.500000Z,-67.0985292675906,EV,EVN,00,HHN,2018-03-12T17:57:34.500000Z,2018-03-12T17:57:39.120000Z,100.0,0.01,463,1.0,MSEED,D,9,FLOAT64,>,512,13824
2018-03-12T17:57:36.510000Z,-99.86998267614513,EV,EVN,00,HHN,2018-03-12T17:57:34.500000Z,2018-03-12T17:57:39.120000Z,100.0,0.01,463,1.0,MSEED,D,9,FLOAT64,>,512,13824
2018-03-12T17:57:36.520000Z,-19.021973970735623,EV,EVN,00,HHN,2018-03-12T17:57:34.500000Z,2018-03-12T17:57:39.120000Z,100.0,0.01,463,1.0,MSEED,D,9,FLOAT64,>,512,13824
2018-03-12T17:57:36.530000Z,104.47770761205018,EV,EVN,00,HHN,2018-03-12T17:57:34.500000Z,2018-03-12T17:57:39.120000Z,100.0,0.01,463,1.0,MSEED,D,9,FLOAT64,>,512,13824
2018-03-12T17:57:36.540000Z,151.09026559530093,EV,EVN,00,HHN,2018-03-12T17:57:34.500000Z,2018-03-12T17:57:39.120000Z,100.0,0.01,463,1.0,MSEED,D,9,FLOAT64,>,512,13824
2018-03-12T17:57:36.550000Z,86.16219100877667,EV,EVN,00,HHN,2018-03-12T17:57:34.500000Z,2018-03-12T17:57:39.120000Z,100.0,0.01,463,1.0,MSEED,D,9,FLOAT64,>,512,13824
2018-03-12T17:57:36.560000Z,-11.942520575450231,EV,EVN,00,HHN,2018-03-12T17:57:34.500000Z,2018-03-12T17:57:39.120000Z,100.0,0.01,463,1.0,MSEED,D,9,FLOAT64,>,512,13824
2018-03-12T17:57:36.570000Z,-49.11136836796588,EV,EVN,00,HHN,2018-03-12T17:57:34.500000Z,2018-03-12T17:57:39.120000Z,100.0,0.01,463,1.0,MSEED,D,9,FLOAT64,>,512,13824
2018-03-12T17:57:36.580000Z,-14.809675046098835,EV,EVN,00,HHN,2018-03-12T17:57:34.500000Z,2018-03-12T17:57:39.120000Z,100.0,0.01,463,1.0,MSEED,D,9,FLOAT64,>,512,13824
2018-03-12T17:57:36.590000Z,22.432747354757975,EV,EVN,00,HHN,2018-03-12T17:57:34.500000Z,2018-03-12T17:57:39.120000Z,100.0,0.01,463,1.0,MSEED,D,9,FLOAT64,>,512,13824
2018-03-12T17:57:36.600000Z,1.1969774433769427,EV,EVN,00,HHN,2018-03-12T17:57:34.500000Z,2018-03-12T17:57:39.120000Z,100.0,0.01,463,1.0,MSEED,D,9,FLOAT64,>,512,13824
2018-03-12T17:57:36.610000Z,-64.91409614185402,EV,EVN,00,HHN,2018-03-12T17:57:34.500000Z,2018-03-12T17:57:39.120000Z,100.0,0.01,463,1.0,MSEED,D,9,FLOAT64,>,512,13824
2018-03-12T17:57:36.620000Z,-102.96728242352016,EV,EVN,00,HHN,2018-03-12T17:57:34.500000Z,2018-03-12T17:57:39.120000Z,100.0,0.01,463,1.0,MSEED,D,9,FLOAT64,>,512,13824
2018-03-12T17:57:36.630000Z,-64.02388344092347,EV,EVN,00,HHN,2018-03-12T17:57:34.500000Z,2018-03-12T17:57:39.120000Z,100.0,0.01,463,1.0,MSEED,D,9,FLOAT64,>,512,13824
2018-03-12T17:57:36.640000Z,14.745706921686493,EV,EVN,00,HHN,2018-03-12T17:57:34.500000Z,2018-03-12T17:57:39.120000Z,100.0,0.01,463,1.0,MSEED,D,9,FLOAT64,>,512,13824
2018-03-12T17:57:36.650000Z,51.492739217065555,EV,EVN,00,HHN,2018-03-12T17:57:34.500000Z,2018-03-12T17:57:39.120000Z,100.0,0.01,463,1.0,MSEED,D,9,FLOAT64,>,512,13824
2018-03-12T17:57:36.660000Z,16.53577052978352,EV,EVN,00,HHN,2018-03-12T17:57:34.500000Z,2018-03-12T17:57:39.120000Z,100.0,0.01,463,1.0,MSEED,D,9,FLOAT64,>,512,13824
2018-03-12T17:57:36.670000Z,-42.84677213531502,EV,EVN,00,HHN,2018-03-12T17:57:34.500000Z,2018-03-12T17:57:39.120000Z,100.0,0.01,463,1.0,MSEED,D,9,FLOAT64,>,512,13824
2018-03-12T17:57:36.680000Z,-65.73203313822226,EV,EVN,00,HHN,2018-03-12T17:57:34.500000Z,2018-03-12T17:57:39.120000Z,100.0,0.01,463,1.0,MSEED,D,9,FLOAT64,>,512,13824
2018-03-12T17:57:36.690000Z,-36.62718711737585,EV,EVN,00,HHN,2018-03-12T17:57:34.500000Z,2018-03-12T17:57:39.120000Z,100.0,0.01,463,1.0,MSEED,D,9,FLOAT64,>,512,13824
2018-03-12T17:57:36.700000Z,10.29156128714974,EV,EVN,00,HHN,2018-03-12T17:57:34.500000Z,2018-03-12T17:57:39.120000Z,100.0,0.01,463,1.0,MSEED,D,9,FLOAT64,>,512,13824
2018-03-12T17:57:36.710000Z,31.25598538452944,EV,EVN,00,HHN,2018-03-12T17:57:34.500000Z,2018-03-12T17:57:39.120000Z,100.0,0.01,463,1.0,MSEED,D,9,FLOAT64,>,512,13824
2018-03-12T17:57:36.720000Z,23.378668239224965,EV,EVN,00,HHN,2018-03-12T17:57:34.500000Z,2018-03-12T17:57:39.120000Z,100.0,0.01,463,1.0,MSEED,D,9,FLOAT64,>,512,13824
2018-03-12T17:57:36.730000Z,25.10155811854968,EV,EVN,00,HHN,2018-03-12T17:57:34.500000Z,2018-03-12T17:57:39.120000Z,100.0,0.01,463,1.0,MSEED,D,9,FLOAT64,>,512,13824
2018-03-12T17:57:36.740000Z,54.61634096890861,EV,EVN,00,HHN,2018-03-12T17:57:34.500000Z,2018-03-12T17:57:39.120000Z,100.0,0.01,463,1.0,MSEED,D,9,FLOAT64,>,512,13824
2018-03-12T17:57:36.750000Z,78.50915757956268,EV,EVN,00,HHN,2018-03-12T17:57:34.500000Z,2018-03-12T17:57:39.120000Z,100.0,0.01,463,1.0,MSEED,D,9,FLOAT64,>,512,13824
2018-03-12T17:57:36.760000Z,64.43426139438219,EV,EVN,00,HHN,2018-03-12T17:57:34.500000Z,2018-03-12T17:57:39.120000Z,100.0,0.01,463,1.0,MSEED,D,9,FLOAT64,>,512,13824
2018-03-12T17:57:36.770000Z,26.053510105730087,EV,EVN,00,HHN,2018-03-12T17:57:34.500000Z,2018-03-12T17:57:39.120000Z,100.0,0.01,463,1.0,MSEED,D,9,FLOAT64,>,512,13824
2018-03-12T17:57:36.780000Z,-9.111844097591998,EV,EVN,00,HHN,2018-03-12T17:57:34.500000Z,2018-03-12T17:57:39.120000Z,100.0,0.01,463,1.0,MSEED,D,9,FLOAT64,>,512,13824
2018-03-12T17:57:36.790000Z,-33.87603405681818,EV,EVN,00,HHN,2018-03-12T17:57:34.500000Z,2018-03-12T17:57:39.120000Z,100.0,0.01,463,1.0,MSEED,D,9,FLOAT64,>,512,13824
2018-03-12T17:57:36.800000Z,-48.98094134443803,EV,EVN,00,HHN,2018-03-12T17:57:34.500000Z,2018-03-12T17:57:39.120000Z,100.0,0.01,463,1.0,MSEED,D,9,FLOAT64,>,512,13824
2018-03-12T17:57:36.810000Z,-57.72800575520153,EV,EVN,00,HHN,2018-03-12T17:57:34.500000Z,2018-03-12T17:57:39.120000Z,100.0,0.01,463,1.0,MSEED,D,9,FLOAT64,>,512,13824
2018-03-12T17:57:36.820000Z,-68.46537772964876,EV,EVN,00,HHN,2018-03-12T17:57:34.500000Z,2018-03-12T17:57:39.120000Z,100.0,0.01,463,1.0,MSEED,D,9,FLOAT64,>,512,13824
2018-03-12T17:57:36.830000Z,-72.59727618380968,EV,EVN,00,HHN,2018-03-12T17:57:34.500000Z,2018-03-12T17:57:39.120000Z,100.0,0.01,463,1.0,MSEED,D,9,FLOAT64,>,512,13824
2018-03-12T17:57:36.840000Z,-46.34091622116767,EV,EVN,00,HHN,2018-03-12T17:57:34.500000Z,2018-03-12T17:57:39.120000Z,100.0,0.01,463,1.0,MSEED,D,9,FLOAT64,>,512,13824
2018-03-12T17:57:36.850000Z,8.196217550818986,EV,EVN,00,HHN,2018-03-12T17:57:34.500000Z,2018-03-12T17:57:39.120000Z,100.0,0.01,463,1.0,MSEED,D,9,FLOAT64,>,512,13824
2018-03-12T17:57:36.860000Z,57.30227515336374,EV,EVN,00,HHN,2018-03-12T17:57:34.500000Z,2018-03-12T17:57:39.120000Z,100.0,0.01,463,1.0,MSEED,D,9,FLOAT64,>,512,13824
2018-03-12T17:57:36.870000Z,76.89913987875244,EV,EVN,00,HHN,2018-03-12T17:57:34.500000Z,2018-03-12T17:57:39.120000Z,100.0,0.01,463,1.0,MSEED,D,9,FLOAT64,>,512,13824
2018-03-12T17:57:36.880000Z,72.26679785376618,EV,EVN,00,HHN,2018-03-12T17:57:34.500000Z,2018-03-12T17:57:39.120000Z,100.0,0.01,463,1.0,MSEED,D,9,FLOAT64,>,512,13824
2018-03-12T17:57:36.890000Z,58.872148590456675,EV,EVN,00,HHN,2018-03-12T17:57:34.500000Z,2018-03-12T17:57:39.120000Z,100.0,0.01,463,1.0,MSEED,D,9,FLOAT64,>,512,13824
2018-03-12T17:57:36.900000Z,44.7762830324576,EV,EVN,00,HHN,2018-03-12T17:57:34.500000Z,2018-03-12T17:57:39.120000Z,100.0,0.01,463,1.0,MSEED,D,9,FLOAT64,>,512,13824
2018-03-12T17:57:36.910000Z,33.39296970467824,EV,EVN,00,HHN,2018-03-12T17:57:34.500000Z,2018-03-12T17:57:39.120000Z,100.0,0.01,463,1.0,MSEED,D,9,FLOAT64,>,512,13824
2018-03-12T17:57:36.920000Z,28.965908825855028,EV,EVN,00,HHN,2018-03-12T17:57:34.500000Z,2018-03-12T17:57:39.120000Z,100.0,0.01,463,1.0,MSEED,D,9,FLOAT64,>,512,13824
2018-03-12T17:57:36.930000Z,28.964450866480078,EV,EVN,00,HHN,2018-03-12T17:57:34.500000Z,2018-03-12T17:57:39.120000Z,100.0,0.01,463,1.0,MSEED,D,9,FLOAT64,>,512,13824
2018-03-12T17:57:36.940000Z,18.87393748422805,EV,EVN,00,HHN,2018-03-12T17:57:34.500000Z,2018-03-12T17:57:39.120000Z,100.0,0.01,463,1.0,MSEED,D,9,FLOAT64,>,512,13824
2018-03-12T17:57:36.950000Z,-8.340976420340766,EV,EVN,00,HHN,2018-03-12T17:57:34.500000Z,2018-03-12T17:57:39.120000Z,100.0,0.01,463,1.0,MSEED,D,9,FLOAT64,>,512,13824
2018-03-12T17:57:36.960000Z,-34.27981223697703,EV,EVN,00,HHN,2018-03-12T17:57:34.500000Z,2018-03-12T17:57:39.120000Z,100.0,0.01,463,1.0,MSEED,D,9,FLOAT64,>,512,13824
2018-03-12T17:57:36.970000Z,-38.607696892943224,EV,EVN,00,HHN,2018-03-12T17:57:34.500000Z,2018-03-12T17:57:39.120000Z,100.0,0.01,463,1.0,MSEED,D,9,FLOAT64,>,512,13824
2018-03-12T17:57:36.980000Z,-29.7946690969072,EV,EVN,00,HHN,2018-03-12T17:57:34.500000Z,2018-03-12T17:57:39.120000Z,100.0,0.01,463,1.0,MSEED,D,9,FLOAT64,>,512,13824
2018-03-12T17:57:36.990000Z,-30.113606880571872,EV,EVN,00,HHN,2018-03-12T17:57:34.500000Z,2018-03-12T17:57:39.120000Z,100.0,0.01,463,1.0,MSEED,D,9,FLOAT64,>,512,13824
2018-03-12T17:57:37.000000Z,-43.62786615785649,EV,EVN,00,HHN,2018-03-12T17:57:34.500000Z,2018-03-12T17:57:39.120000Z,100.0,0.01,463,1.0,MSEED,D,9,FLOAT64,>,512,13824
2018-03-12T17:57:37.010000Z,-53.537199131450365,EV,EVN,00,HHN,2018-03-12T17:57:34.500000Z,2018-03-12T17:57:39.120000Z,100.0,0.01,463,1.0,MSEED,D,9,FLOAT64,>,512,13824
2018-03-12T17:57:37.020000Z,-41.53557743362386,EV,EVN,00,HHN,2018-03-12T17:57:34.500000Z,2018-03-12T17:57:39.120000Z,100.0,0.01,463,1.0,MSEED,D,9,FLOAT64,>,512,13824
2018-03-12T17:57:37.030000Z,-8.16687092039425,EV,EVN,00,HHN,2018-03-12T17:57:34.500000Z,2018-03-12T17:57:39.120000Z,100.0,0.01,463,1.0,MSEED,D,9,FLOAT64,>,512,13824
2018-03-12T17:57:37.040000Z,24.696233061518708,EV,EVN,00,HHN,2018-03-12T17:57:34.500000Z,2018-03-12T17:57:39.120000Z,100.0,0.01,463,1.0,MSEED,D,9,FLOAT64,>,512,13824
2018-03-12T17:57:37.050000Z,37.12966502797111,EV,EVN,00,HHN,2018-03-12T17:57:34.500000Z,2018-03-12T17:57:39.120000Z,100.0,0.01,463,1.0,MSEED,D,9,FLOAT64,>,512,13824
2018-03-12T17:57:37.060000Z,29.178862476794038,EV,EVN,00,HHN,2018-03-12T17:57:34.500000Z,2018-03-12T17:57:39.120000Z,100.0,0.01,463,1.0,MSEED,D,9,FLOAT64,>,512,13824
2018-03-12T17:57:37.070000Z,12.12722363700874,EV,EVN,00,HHN,2018-03-12T17:57:34.500000Z,2018-03-12T17:57:39.120000Z,100.0,0.01,463,1.0,MSEED,D,9,FLOAT64,>,512,13824
2018-03-12T17:57:37.080000Z,-2.5899366210655432,EV,EVN,00,HHN,2018-03-12T17:57:34.500000Z,2018-03-12T17:57:39.120000Z,100.0,0.01,463,1.0,MSEED,D,9,FLOAT64,>,512,13824
2018-03-12T17:57:37.090000Z,-4.332965841167596,EV,EVN,00,HHN,2018-03-12T17:57:34.500000Z,2018-03-12T17:57:39.120000Z,100.0,0.01,463,1.0,MSEED,D,9,FLOAT64,>,512,13824
2018-03-12T17:57:37.100000Z,10.734299973230051,EV,EVN,00,HHN,2018-03-12T17:57:34.500000Z,2018-03-12T17:57:39.120000Z,100.0,0.01,463,1.0,MSEED,D,9,FLOAT64,>,512,13824
2018-03-12T17:57:37.110000Z,31.77127477684227,EV,EVN,00,HHN,2018-03-12T17:57:34.500000Z,2018-03-12T17:57:39.120000Z,100.0,0.01,463,1.0,MSEED,D,9,FLOAT64,>,512,13824
2018-03-12T17:57:37.120000Z,37.488823392236,EV,EVN,00,HHN,2018-03-12T17:57:34.500000Z,2018-03-12T17:57:39.120000Z,100.0,0.01,463,1.0,MSEED,D,9,FLOAT64,>,512,13824
2018-03-12T17:57:37.130000Z,12.639555931011401,EV,EVN,00,HHN,2018-03-12T17:57:34.500000Z,2018-03-12T17:57:39.120000Z,100.0,0.01,463,1.0,MSEED,D,9,FLOAT64,>,512,13824
2018-03-12T17:57:37.140000Z,-31.589056811065525,EV,EVN,00,HHN,2018-03-12T17:57:34.500000Z,2018-03-12T17:57:39.120000Z,100.0,0.01,463,1.0,MSEED,D,9,FLOAT64,>,512,13824
2018-03-12T17:57:37.150000Z,-58.613571390458034,EV,EVN,00,HHN,2018-03-12T17:57:34.500000Z,2018-03-12T17:57:39.120000Z,100.0,0.01,463,1.0,MSEED,D,9,FLOAT64,>,512,13824
2018-03-12T17:57:37.160000Z,-43.83554436015344,EV,EVN,00,HHN,2018-03-12T17:57:34.500000Z,2018-03-12T17:57:39.120000Z,100.0,0.01,463,1.0,MSEED,D,9,FLOAT64,>,512,13824
2018-03-12T17:57:37.170000Z,-4.124747818400683,EV,EVN,00,HHN,2018-03-12T17:57:34.500000Z,2018-03-12T17:57:39.120000Z,100.0,0.01,463,1.0,MSEED,D,9,FLOAT64,>,512,13824
2018-03-12T17:57:37.180000Z,23.76674130374591,EV,EVN,00,HHN,2018-03-12T17:57:34.500000Z,2018-03-12T17:57:39.120000Z,100.0,0.01,463,1.0,MSEED,D,9,FLOAT64,>,512,13824
2018-03-12T17:57:37.190000Z,23.04805222719267,EV,EVN,00,HHN,2018-03-12T17:57:34.500000Z,2018-03-12T17:57:39.120000Z,100.0,0.01,463,1.0,MSEED,D,9,FLOAT64,>,512,13824
2018-03-12T17:57:37.200000Z,5.219152087715438,EV,EVN,00,HHN,2018-03-12T17:57:34.500000Z,2018-03-12T17:57:39.120000Z,100.0,0.01,463,1.0,MSEED,D,9,FLOAT64,>,512,13824
2018-03-12T17:57:37.210000Z,-10.162992265341494,EV,EVN,00,HHN,2018-03-12T17:57:34.500000Z,2018-03-12T17:57:39.120000Z,100.0,0.01,463,1.0,MSEED,D,9,FLOAT64,>,512,13824
2018-03-12T17:57:37.220000Z,-13.948546172768221,EV,EVN,00,HHN,2018-03-12T17:57:34.500000Z,2018-03-12T17:57:39.120000Z,100.0,0.01,463,1.0,MSEED,D,9,FLOAT64,>,512,13824
2018-03-12T17:57:37.230000Z,-8.823974337787309,EV,EVN,00,HHN,2018-03-12T17:57:34.500000Z,2018-03-12T17:57:39.120000Z,100.0,0.01,463,1.0,MSEED,D,9,FLOAT64,>,512,13824
2018-03-12T17:57:37.240000Z,-0.9494389661619484,EV,EVN,00,HHN,2018-03-12T17:57:34.500000Z,2018-03-12T17:57:39.120000Z,100.0,0.01,463,1.0,MSEED,D,9,FLOAT64,>,512,13824
2018-03-12T17:57:37.250000Z,5.412594216473663,EV,EVN,00,HHN,2018-03-12T17:57:34.500000Z,2018-03-12T17:57:39.120000Z,100.0,0.01,463,1.0,MSEED,D,9,FLOAT64,>,512,13824
2018-03-12T17:57:37.260000Z,7.76387294061816,EV,EVN,00,HHN,2018-03-12T17:57:34.500000Z,2018-03-12T17:57:39.120000Z,100.0,0.01,463,1.0,MSEED,D,9,FLOAT64,>,512,13824
2018-03-12T17:57:37.270000Z,5.659319138990137,EV,EVN,00,HHN,2018-03-12T17:57:34.500000Z,2018-03-12T17:57:39.120000Z,100.0,0.01,463,1.0,MSEED,D,9,FLOAT64,>,512,13824
2018-03-12T17:57:37.280000Z,4.168922132015376,EV,EVN,00,HHN,2018-03-12T17:57:34.500000Z,2018-03-12T17:57:39.120000Z,100.0,0.01,463,1.0,MSEED,D,9,FLOAT64,>,512,13824
2018-03-12T17:57:37.290000Z,10.73605592027068,EV,EVN,00,HHN,2018-03-12T17:57:34.500000Z,2018-03-12T17:57:39.120000Z,100.0,0.01,463,1.0,MSEED,D,9,FLOAT64,>,512,13824
2018-03-12T17:57:37.300000Z,22.087841525321917,EV,EVN,00,HHN,2018-03-12T17:57:34.500000Z,2018-03-12T17:57:39.120000Z,100.0,0.01,463,1.0,MSEED,D,9,FLOAT64,>,512,13824
2018-03-12T17:57:37.310000Z,22.77202264903137,EV,EVN,00,HHN,2018-03-12T17:57:34.500000Z,2018-03-12T17:57:39.120000Z,100.0,0.01,463,1.0,MSEED,D,9,FLOAT64,>,512,13824
2018-03-12T17:57:37.320000Z,4.840048941760804,EV,EVN,00,HHN,2018-03-12T17:57:34.500000Z,2018-03-12T17:57:39.120000Z,100.0,0.01,463,1.0,MSEED,D,9,FLOAT64,>,512,13824
2018-03-12T17:57:37.330000Z,-17.769357290486113,EV,EVN,00,HHN,2018-03-12T17:57:34.500000Z,2018-03-12T17:57:39.120000Z,100.0,0.01,463,1.0,MSEED,D,9,FLOAT64,>,512,13824
2018-03-12T17:57:37.340000Z,-21.808033148955094,EV,EVN,00,HHN,2018-03-12T17:57:34.500000Z,2018-03-12T17:57:39.120000Z,100.0,0.01,463,1.0,MSEED,D,9,FLOAT64,>,512,13824
2018-03-12T17:57:37.350000Z,-2.8761081635176677,EV,EVN,00,HHN,2018-03-12T17:57:34.500000Z,2018-03-12T17:57:39.120000Z,100.0,0.01,463,1.0,MSEED,D,9,FLOAT64,>,512,13824
2018-03-12T17:57:37.360000Z,13.525615183568732,EV,EVN,00,HHN,2018-03-12T17:57:34.500000Z,2018-03-12T17:57:39.120000Z,100.0,0.01,463,1.0,MSEED,D,9,FLOAT64,>,512,13824
2018-03-12T17:57:37.370000Z,1.5880076613785579,EV,EVN,00,HHN,2018-03-12T17:57:34.500000Z,2018-03-12T17:57:39.120000Z,100.0,0.01,463,1.0,MSEED,D,9,FLOAT64,>,512,13824
2018-03-12T17:57:37.380000Z,-25.719111117975405,EV,EVN,00,HHN,2018-03-12T17:57:34.500000Z,2018-03-12T17:57:39.120000Z,100.0,0.01,463,1.0,MSEED,D,9,FLOAT64,>,512,13824
2018-03-12T17:57:37.390000Z,-30.64967452644025,EV,EVN,00,HHN,2018-03-12T17:57:34.500000Z,2018-03-12T17:57:39.120000Z,100.0,0.01,463,1.0,MSEED,D,9,FLOAT64,>,512,13824
2018-03-12T17:57:37.400000Z,-4.531347934727918,EV,EVN,00,HHN,2018-03-12T17:57:34.500000Z,2018-03-12T17:57:39.120000Z,100.0,0.01,463,1.0,MSEED,D,9,FLOAT64,>,512,13824
2018-03-12T17:57:37.410000Z,21.124460162002688,EV,EVN,00,HHN,2018-03-12T17:57:34.500000Z,2018-03-12T17:57:39.120000Z,100.0,0.01,463,1.0,MSEED,D,9,FLOAT64,>,512,13824
2018-03-12T17:57:37.420000Z,18.59493336311663,EV,EVN,00,HHN,2018-03-12T17:57:34.500000Z,2018-03-12T17:57:39.120000Z,100.0,0.01,463,1.0,MSEED,D,9,FLOAT64,>,512,13824
2018-03-12T17:57:37.430000Z,-4.79677288130647,EV,EVN,00,HHN,2018-03-12T17:57:34.500000Z,2018-03-12T17:57:39.120000Z,100.0,0.01,463,1.0,MSEED,D,9,FLOAT64,>,512,13824
2018-03-12T17:57:37.440000Z,-19.476288722278525,EV,EVN,00,HHN,2018-03-12T17:57:34.500000Z,2018-03-12T17:57:39.120000Z,100.0,0.01,463,1.0,MSEED,D,9,FLOAT64,>,512,13824
2018-03-12T17:57:37.450000Z,-7.394801423088305,EV,EVN,00,HHN,2018-03-12T17:57:34.500000Z,2018-03-12T17:57:39.120000Z,100.0,0.01,463,1.0,MSEED,D,9,FLOAT64,>,512,13824
2018-03-12T17:57:37.460000Z,16.807239129457784,EV,EVN,00,HHN,2018-03-12T17:57:34.500000Z,2018-03-12T17:57:39.120000Z,100.0,0.01,463,1.0,MSEED,D,9,FLOAT64,>,512,13824
2018-03-12T17:57:37.470000Z,24.003344890264827,EV,EVN,00,HHN,2018-03-12T17:57:34.500000Z,2018-03-12T17:57:39.120000Z,100.0,0.01,463,1.0,MSEED,D,9,FLOAT64,>,512,13824
2018-03-12T17:57:37.480000Z,8.813678288621151,EV,EVN,00,HHN,2018-03-12T17:57:34.500000Z,2018-03-12T17:57:39.120000Z,100.0,0.01,463,1.0,MSEED,D,9,FLOAT64,>,512,13824
2018-03-12T17:57:37.490000Z,-7.161106438656605,EV,EVN,00,HHN,2018-03-12T17:57:34.500000Z,2018-03-12T17:57:39.120000Z,100.0,0.01,463,1.0,MSEED,D,9,FLOAT64,>,512,13824
2018-03-12T17:57:37.500000Z,-8.86302722127633,EV,EVN,00,HHN,2018-03-12T17:57:34.500000Z,2018-03-12T17:57:39.120000Z,100.0,0.01,463,1.0,MSEED,D,9,FLOAT64,>,512,13824
2018-03-12T17:57:37.510000Z,-4.969784421038915,EV,EVN,00,HHN,2018-03-12T17:57:34.500000Z,2018-03-12T17:57:39.120000Z,100.0,0.01,463,1.0,MSEED,D,9,FLOAT64,>,512,13824
2018-03-12T17:57:37.520000Z,-9.328409665481704,EV,EVN,00,HHN,2018-03-12T17:57:34.500000Z,2018-03-12T17:57:39.120000Z,100.0,0.01,463,1.0,MSEED,D,9,FLOAT64,>,512,13824
2018-03-12T17:57:37.530000Z,-19.37345844105217,EV,EVN,00,HHN,2018-03-12T17:57:34.500000Z,2018-03-12T17:57:39.120000Z,100.0,0.01,463,1.0,MSEED,D,9,FLOAT64,>,512,13824
2018-03-12T17:57:37.540000Z,-21.84674202220603,EV,EVN,00,HHN,2018-03-12T17:57:34.500000Z,2018-03-12T17:57:39.120000Z,100.0,0.01,463,1.0,MSEED,D,9,FLOAT64,>,512,13824
2018-03-12T17:57:37.550000Z,-14.613400895024178,EV,EVN,00,HHN,2018-03-12T17:57:34.500000Z,2018-03-12T17:57:39.120000Z,100.0,0.01,463,1.0,MSEED,D,9,FLOAT64,>,512,13824
2018-03-12T17:57:37.560000Z,-10.13002875560317,EV,EVN,00,HHN,2018-03-12T17:57:34.500000Z,2018-03-12T17:57:39.120000Z,100.0,0.01,463,1.0,MSEED,D,9,FLOAT64,>,512,13824
2018-03-12T17:57:37.570000Z,-16.64966876076125,EV,EVN,00,HHN,2018-03-12T17:57:34.500000Z,2018-03-12T17:57:39.120000Z,100.0,0.01,463,1.0,MSEED,D,9,FLOAT64,>,512,13824
2018-03-12T17:57:37.580000Z,-26.215837958253747,EV,EVN,00,HHN,2018-03-12T17:57:34.500000Z,2018-03-12T17:57:39.120000Z,100.0,0.01,463,1.0,MSEED,D,9,FLOAT64,>,512,13824
2018-03-12T17:57:37.590000Z,-23.61378328383185,EV,EVN,00,HHN,2018-03-12T17:57:34.500000Z,2018-03-12T17:57:39.120000Z,100.0,0.01,463,1.0,MSEED,D,9,FLOAT64,>,512,13824
2018-03-12T17:57:37.600000Z,-4.029912787243402,EV,EVN,00,HHN,2018-03-12T17:57:34.500000Z,2018-03-12T17:57:39.120000Z,100.0,0.01,463,1.0,MSEED,D,9,FLOAT64,>,512,13824
2018-03-12T17:57:37.610000Z,19.9174982230272,EV,EVN,00,HHN,2018-03-12T17:57:34.500000Z,2018-03-12T17:57:39.120000Z,100.0,0.01,463,1.0,MSEED,D,9,FLOAT64,>,512,13824
2018-03-12T17:57:37.620000Z,30.396356234511835,EV,EVN,00,HHN,2018-03-12T17:57:34.500000Z,2018-03-12T17:57:39.120000Z,100.0,0.01,463,1.0,MSEED,D,9,FLOAT64,>,512,13824
2018-03-12T17:57:37.630000Z,21.204637872820474,EV,EVN,00,HHN,2018-03-12T17:57:34.500000Z,2018-03-12T17:57:39.120000Z,100.0,0.01,463,1.0,MSEED,D,9,FLOAT64,>,512,13824
2018-03-12T17:57:37.640000Z,1.7318022856224458,EV,EVN,00,HHN,2018-03-12T17:57:34.500000Z,2018-03-12T17:57:39.120000Z,100.0,0.01,463,1.0,MSEED,D,9,FLOAT64,>,512,13824
2018-03-12T17:57:37.650000Z,-10.611501323888469,EV,EVN,00,HHN,2018-03-12T17:57:34.500000Z,2018-03-12T17:57:39.120000Z,100.0,0.01,463,1.0,MSEED,D,9,FLOAT64,>,512,13824
2018-03-12T17:57:37.660000Z,-4.496438077459117,EV,EVN,00,HHN,2018-03-12T17:57:34.500000Z,2018-03-12T17:57:39.120000Z,100.0,0.01,463,1.0,MSEED,D,9,FLOAT64,>,512,13824
2018-03-12T17:57:37.670000Z,13.284014231048975,EV,EVN,00,HHN,2018-03-12T17:57:34.500000Z,2018-03-12T17:57:39.120000Z,100.0,0.01,463,1.0,MSEED,D,9,FLOAT64,>,512,13824
2018-03-12T17:57:37.680000Z,24.66160866518894,EV,EVN,00,HHN,2018-03-12T17:57:34.500000Z,2018-03-12T17:57:39.120000Z,100.0,0.01,463,1.0,MSEED,D,9,FLOAT64,>,512,13824
2018-03-12T17:57:37.690000Z,19.61822617410386,EV,EVN,00,HHN,2018-03-12T17:57:34.500000Z,2018-03-12T17:57:39.120000Z,100.0,0.01,463,1.0,MSEED,D,9,FLOAT64,>,512,13824
2018-03-12T17:57:37.700000Z,3.0160109981907617,EV,EVN,00,HHN,2018-03-12T17:57:34.500000Z,2018-03-12T17:57:39.120000Z,100.0,0.01,463,1.0,MSEED,D,9,FLOAT64,>,512,13824
2018-03-12T17:57:37.710000Z,-13.236356939211827,EV,EVN,00,HHN,2018-03-12T17:57:34.500000Z,2018-03-12T17:57:39.120000Z,100.0,0.01,463,1.0,MSEED,D,9,FLOAT64,>,512,13824
2018-03-12T17:57:37.720000Z,-19.955041477998257,EV,EVN,00,HHN,2018-03-12T17:57:34.500000Z,2018-03-12T17:57:39.120000Z,100.0,0.01,463,1.0,MSEED,D,9,FLOAT64,>,512,13824
2018-03-12T17:57:37.730000Z,-17.024875378386277,EV,EVN,00,HHN,2018-03-12T17:57:34.500000Z,2018-03-12T17:57:39.120000Z,100.0,0.01,463,1.0,MSEED,D,9,FLOAT64,>,512,13824
2018-03-12T17:57:37.740000Z,-11.48197237442561,EV,EVN,00,HHN,2018-03-12T17:57:34.500000Z,2018-03-12T17:57:39.120000Z,100.0,0.01,463,1.0,MSEED,D,9,FLOAT64,>,512,13824
2018-03-12T17:57:37.750000Z,-7.573930638206538,EV,EVN,00,HHN,2018-03-12T17:57:34.500000Z,2018-03-12T17:57:39.120000Z,100.0,0.01,463,1.0,MSEED,D,9,FLOAT64,>,512,13824
2018-03-12T17:57:37.760000Z,-1.861527008204856,EV,EVN,00,HHN,2018-03-12T17:57:34.500000Z,2018-03-12T17:57:39.120000Z,100.0,0.01,463,1.0,MSEED,D,9,FLOAT64,>,512,13824
2018-03-12T17:57:37.770000Z,9.066257321146086,EV,EVN,00,HHN,2018-03-12T17:57:34.500000Z,2018-03-12T17:57:39.120000Z,100.0,0.01,463,1.0,MSEED,D,9,FLOAT64,>,512,13824
2018-03-12T17:57:37.780000Z,20.268846157619823,EV,EVN,00,HHN,2018-03-12T17:57:34.500000Z,2018-03-12T17:57:39.120000Z,100.0,0.01,463,1.0,MSEED,D,9,FLOAT64,>,512,13824
2018-03-12T17:57:37.790000Z,22.91762341655176,EV,EVN,00,HHN,2018-03-12T17:57:34.500000Z,2018-03-12T17:57:39.120000Z,100.0,0.01,463,1.0,MSEED,D,9,FLOAT64,>,512,13824
2018-03-12T17:57:37.800000Z,14.54893265136176,EV,EVN,00,HHN,2018-03-12T17:57:34.500000Z,2018-03-12T17:57:39.120000Z,100.0,0.01,463,1.0,MSEED,D,9,FLOAT64,>,512,13824
2018-03-12T17:57:37.810000Z,1.2016449361496493,EV,EVN,00,HHN,2018-03-12T17:57:34.500000Z,2018-03-12T17:57:39.120000Z,100.0,0.01,463,1.0,MSEED,D,9,FLOAT64,>,512,13824
2018-03-12T17:57:37.820000Z,-7.622204557449294,EV,EVN,00,HHN,2018-03-12T17:57:34.500000Z,2018-03-12T17:57:39.120000Z,100.0,0.01,463,1.0,MSEED,D,9,FLOAT64,>,512,13824
2018-03-12T17:57:37.830000Z,-5.48161939161819,EV,EVN,00,HHN,2018-03-12T17:57:34.500000Z,2018-03-12T17:57:39.120000Z,100.0,0.01,463,1.0,MSEED,D,9,FLOAT64,>,512,13824
2018-03-12T17:57:37.840000Z,4.664025883866948,EV,EVN,00,HHN,2018-03-12T17:57:34.500000Z,2018-03-12T17:57:39.120000Z,100.0,0.01,463,1.0,MSEED,D,9,FLOAT64,>,512,13824
2018-03-12T17:57:37.850000Z,11.501472780221398,EV,EVN,00,HHN,2018-03-12T17:57:34.500000Z,2018-03-12T17:57:39.120000Z,100.0,0.01,463,1.0,MSEED,D,9,FLOAT64,>,512,13824
2018-03-12T17:57:37.860000Z,7.189872202546728,EV,EVN,00,HHN,2018-03-12T17:57:34.500000Z,2018-03-12T17:57:39.120000Z,100.0,0.01,463,1.0,MSEED,D,9,FLOAT64,>,512,13824
2018-03-12T17:57:37.870000Z,-3.478682831113552,EV,EVN,00,HHN,2018-03-12T17:57:34.500000Z,2018-03-12T17:57:39.120000Z,100.0,0.01,463,1.0,MSEED,D,9,FLOAT64,>,512,13824
2018-03-12T17:57:37.880000Z,-8.84191536403001,EV,EVN,00,HHN,2018-03-12T17:57:34.500000Z,2018-03-12T17:57:39.120000Z,100.0,0.01,463,1.0,MSEED,D,9,FLOAT64,>,512,13824
2018-03-12T17:57:37.890000Z,-3.2040095065837484,EV,EVN,00,HHN,2018-03-12T17:57:34.500000Z,2018-03-12T17:57:39.120000Z,100.0,0.01,463,1.0,MSEED,D,9,FLOAT64,>,512,13824
2018-03-12T17:57:37.900000Z,8.162643299583335,EV,EVN,00,HHN,2018-03-12T17:57:34.500000Z,2018-03-12T17:57:39.120000Z,100.0,0.01,463,1.0,MSEED,D,9,FLOAT64,>,512,13824
2018-03-12T17:57:37.910000Z,14.703494298999033,EV,EVN,00,HHN,2018-03-12T17:57:34.500000Z,2018-03-12T17:57:39.120000Z,100.0,0.01,463,1.0,MSEED,D,9,FLOAT64,>,512,13824
2018-03-12T17:57:37.920000Z,10.278454152117561,EV,EVN,00,HHN,2018-03-12T17:57:34.500000Z,2018-03-12T17:57:39.120000Z,100.0,0.01,463,1.0,MSEED,D,9,FLOAT64,>,512,13824
2018-03-12T17:57:37.930000Z,-1.6726076924639024,EV,EVN,00,HHN,2018-03-12T17:57:34.500000Z,2018-03-12T17:57:39.120000Z,100.0,0.01,463,1.0,MSEED,D,9,FLOAT64,>,512,13824
2018-03-12T17:57:37.940000Z,-12.583784500470296,EV,EVN,00,HHN,2018-03-12T17:57:34.500000Z,2018-03-12T17:57:39.120000Z,100.0,0.01,463,1.0,MSEED,D,9,FLOAT64,>,512,13824
2018-03-12T17:57:37.950000Z,-17.006917543226415,EV,EVN,00,HHN,2018-03-12T17:57:34.500000Z,2018-03-12T17:57:39.120000Z,100.0,0.01,463,1.0,MSEED,D,9,FLOAT64,>,512,13824
2018-03-12T17:57:37.960000Z,-14.67969803421563,EV,EVN,00,HHN,2018-03-12T17:57:34.500000Z,2018-03-12T17:57:39.120000Z,100.0,0.01,463,1.0,MSEED,D,9,FLOAT64,>,512,13824
2018-03-12T17:57:37.970000Z,-6.266463592508279,EV,EVN,00,HHN,2018-03-12T17:57:34.500000Z,2018-03-12T17:57:39.120000Z,100.0,0.01,463,1.0,MSEED,D,9,FLOAT64,>,512,13824
2018-03-12T17:57:37.980000Z,8.09493674899181,EV,EVN,00,HHN,2018-03-12T17:57:34.500000Z,2018-03-12T17:57:39.120000Z,100.0,0.01,463,1.0,MSEED,D,9,FLOAT64,>,512,13824
2018-03-12T17:57:37.990000Z,23.49285826825793,EV,EVN,00,HHN,2018-03-12T17:57:34.500000Z,2018-03-12T17:57:39.120000Z,100.0,0.01,463,1.0,MSEED,D,9,FLOAT64,>,512,13824
2018-03-12T17:57:38.000000Z,29.959946667675204,EV,EVN,00,HHN,2018-03-12T17:57:34.500000Z,2018-03-12T17:57:39.120000Z,100.0,0.01,463,1.0,MSEED,D,9,FLOAT64,>,512,13824
2018-03-12T17:57:38.010000Z,23.653474918648733,EV,EVN,00,HHN,2018-03-12T17:57:34.500000Z,2018-03-12T17:57:39.120000Z,100.0,0.01,463,1.0,MSEED,D,9,FLOAT64,>,512,13824
2018-03-12T17:57:38.020000Z,11.738891612428104,EV,EVN,00,HHN,2018-03-12T17:57:34.500000Z,2018-03-12T17:57:39.120000Z,100.0,0.01,463,1.0,MSEED,D,9,FLOAT64,>,512,13824
2018-03-12T17:57:38.030000Z,2.0795812559453584,EV,EVN,00,HHN,2018-03-12T17:57:34.500000Z,2018-03-12T17:57:39.120000Z,100.0,0.01,463,1.0,MSEED,D,9,FLOAT64,>,512,13824
2018-03-12T17:57:38.040000Z,-3.874570442682515,EV,EVN,00,HHN,2018-03-12T17:57:34.500000Z,2018-03-12T17:57:39.120000Z,100.0,0.01,463,1.0,MSEED,D,9,FLOAT64,>,512,13824
2018-03-12T17:57:38.050000Z,-7.0651716089581935,EV,EVN,00,HHN,2018-03-12T17:57:34.500000Z,2018-03-12T17:57:39.120000Z,100.0,0.01,463,1.0,MSEED,D,9,FLOAT64,>,512,13824
2018-03-12T17:57:38.060000Z,-8.148730996510674,EV,EVN,00,HHN,2018-03-12T17:57:34.500000Z,2018-03-12T17:57:39.120000Z,100.0,0.01,463,1.0,MSEED,D,9,FLOAT64,>,512,13824
2018-03-12T17:57:38.070000Z,-9.026708092621321,EV,EVN,00,HHN,2018-03-12T17:57:34.500000Z,2018-03-12T17:57:39.120000Z,100.0,0.01,463,1.0,MSEED,D,9,FLOAT64,>,512,13824
2018-03-12T17:57:38.080000Z,-11.518169661437444,EV,EVN,00,HHN,2018-03-12T17:57:34.500000Z,2018-03-12T17:57:39.120000Z,100.0,0.01,463,1.0,MSEED,D,9,FLOAT64,>,512,13824
2018-03-12T17:57:38.090000Z,-13.822355087639766,EV,EVN,00,HHN,2018-03-12T17:57:34.500000Z,2018-03-12T17:57:39.120000Z,100.0,0.01,463,1.0,MSEED,D,9,FLOAT64,>,512,13824
2018-03-12T17:57:38.100000Z,-10.907344010034214,EV,EVN,00,HHN,2018-03-12T17:57:34.500000Z,2018-03-12T17:57:39.120000Z,100.0,0.01,463,1.0,MSEED,D,9,FLOAT64,>,512,13824
2018-03-12T17:57:38.110000Z,-0.9800538095390436,EV,EVN,00,HHN,2018-03-12T17:57:34.500000Z,2018-03-12T17:57:39.120000Z,100.0,0.01,463,1.0,MSEED,D,9,FLOAT64,>,512,13824
2018-03-12T17:57:38.120000Z,9.929217273747502,EV,EVN,00,HHN,2018-03-12T17:57:34.500000Z,2018-03-12T17:57:39.120000Z,100.0,0.01,463,1.0,MSEED,D,9,FLOAT64,>,512,13824
2018-03-12T17:57:38.130000Z,14.499930096010544,EV,EVN,00,HHN,2018-03-12T17:57:34.500000Z,2018-03-12T17:57:39.120000Z,100.0,0.01,463,1.0,MSEED,D,9,FLOAT64,>,512,13824
2018-03-12T17:57:38.140000Z,12.347421331253845,EV,EVN,00,HHN,2018-03-12T17:57:34.500000Z,2018-03-12T17:57:39.120000Z,100.0,0.01,463,1.0,MSEED,D,9,FLOAT64,>,512,13824
2018-03-12T17:57:38.150000Z,7.042572621929006,EV,EVN,00,HHN,2018-03-12T17:57:34.500000Z,2018-03-12T17:57:39.120000Z,100.0,0.01,463,1.0,MSEED,D,9,FLOAT64,>,512,13824
2018-03-12T17:57:38.160000Z,1.7137638388587755,EV,EVN,00,HHN,2018-03-12T17:57:34.500000Z,2018-03-12T17:57:39.120000Z,100.0,0.01,463,1.0,MSEED,D,9,FLOAT64,>,512,13824
2018-03-12T17:57:38.170000Z,-0.030281081170429047,EV,EVN,00,HHN,2018-03-12T17:57:34.500000Z,2018-03-12T17:57:39.120000Z,100.0,0.01,463,1.0,MSEED,D,9,FLOAT64,>,512,13824
2018-03-12T17:57:38.180000Z,2.3399452311350633,EV,EVN,00,HHN,2018-03-12T17:57:34.500000Z,2018-03-12T17:57:39.120000Z,100.0,0.01,463,1.0,MSEED,D,9,FLOAT64,>,512,13824
2018-03-12T17:57:38.190000Z,5.062981432122906,EV,EVN,00,HHN,2018-03-12T17:57:34.500000Z,2018-03-12T17:57:39.120000Z,100.0,0.01,463,1.0,MSEED,D,9,FLOAT64,>,512,13824
2018-03-12T17:57:38.200000Z,7.968267611884294,EV,EVN,00,HHN,2018-03-12T17:57:34.500000Z,2018-03-12T17:57:39.120000Z,100.0,0.01,463,1.0,MSEED,D,9,FLOAT64,>,512,13824
2018-03-12T17:57:38.210000Z,12.988284036338184,EV,EVN,00,HHN,2018-03-12T17:57:34.500000Z,2018-03-12T17:57:39.120000Z,100.0,0.01,463,1.0,MSEED,D,9,FLOAT64,>,512,13824
2018-03-12T17:57:38.220000Z,15.826696957207016,EV,EVN,00,HHN,2018-03-12T17:57:34.500000Z,2018-03-12T17:57:39.120000Z,100.0,0.01,463,1.0,MSEED,D,9,FLOAT64,>,512,13824
2018-03-12T17:57:38.230000Z,11.99252115237781,EV,EVN,00,HHN,2018-03-12T17:57:34.500000Z,2018-03-12T17:57:39.120000Z,100.0,0.01,463,1.0,MSEED,D,9,FLOAT64,>,512,13824
2018-03-12T17:57:38.240000Z,4.116842864421576,EV,EVN,00,HHN,2018-03-12T17:57:34.500000Z,2018-03-12T17:57:39.120000Z,100.0,0.01,463,1.0,MSEED,D,9,FLOAT64,>,512,13824
2018-03-12T17:57:38.250000Z,-3.928728759509865,EV,EVN,00,HHN,2018-03-12T17:57:34.500000Z,2018-03-12T17:57:39.120000Z,100.0,0.01,463,1.0,MSEED,D,9,FLOAT64,>,512,13824
2018-03-12T17:57:38.260000Z,-10.221466185038567,EV,EVN,00,HHN,2018-03-12T17:57:34.500000Z,2018-03-12T17:57:39.120000Z,100.0,0.01,463,1.0,MSEED,D,9,FLOAT64,>,512,13824
2018-03-12T17:57:38.270000Z,-13.908837469129605,EV,EVN,00,HHN,2018-03-12T17:57:34.500000Z,2018-03-12T17:57:39.120000Z,100.0,0.01,463,1.0,MSEED,D,9,FLOAT64,>,512,13824
2018-03-12T17:57:38.280000Z,-18.887946130212605,EV,EVN,00,HHN,2018-03-12T17:57:34.500000Z,2018-03-12T17:57:39.120000Z,100.0,0.01,463,1.0,MSEED,D,9,FLOAT64,>,512,13824
2018-03-12T17:57:38.290000Z,-28.324205413401934,EV,EVN,00,HHN,2018-03-12T17:57:34.500000Z,2018-03-12T17:57:39.120000Z,100.0,0.01,463,1.0,MSEED,D,9,FLOAT64,>,512,13824
2018-03-12T17:57:38.300000Z,-33.678044105769075,EV,EVN,00,HHN,2018-03-12T17:57:34.500000Z,2018-03-12T17:57:39.120000Z,100.0,0.01,463,1.0,MSEED,D,9,FLOAT64,>,512,13824
2018-03-12T17:57:38.310000Z,-24.63226753742499,EV,EVN,00,HHN,2018-03-12T17:57:34.500000Z,2018-03-12T17:57:39.120000Z,100.0,0.01,463,1.0,MSEED,D,9,FLOAT64,>,512,13824
2018-03-12T17:57:38.320000Z,-6.771517127961937,EV,EVN,00,HHN,2018-03-12T17:57:34.500000Z,2018-03-12T17:57:39.120000Z,100.0,0.01,463,1.0,MSEED,D,9,FLOAT64,>,512,13824
2018-03-12T17:57:38.330000Z,5.7050479797842115,EV,EVN,00,HHN,2018-03-12T17:57:34.500000Z,2018-03-12T17:57:39.120000Z,100.0,0.01,463,1.0,MSEED,D,9,FLOAT64,>,512,13824
2018-03-12T17:57:38.340000Z,8.902467760907458,EV,EVN,00,HHN,2018-03-12T17:57:34.500000Z,2018-03-12T17:57:39.120000Z,100.0,0.01,463,1.0,MSEED,D,9,FLOAT64,>,512,13824
2018-03-12T17:57:38.350000Z,9.482304633842347,EV,EVN,00,HHN,2018-03-12T17:57:34.500000Z,2018-03-12T17:57:39.120000Z,100.0,0.01,463,1.0,MSEED,D,9,FLOAT64,>,512,13824
2018-03-12T17:57:38.360000Z,12.365397229817852,EV,EVN,00,HHN,2018-03-12T17:57:34.500000Z,2018-03-12T17:57:39.120000Z,100.0,0.01,463,1.0,MSEED,D,9,FLOAT64,>,512,13824
2018-03-12T17:57:38.370000Z,17.063593464063516,EV,EVN,00,HHN,2018-03-12T17:57:34.500000Z,2018-03-12T17:57:39.120000Z,100.0,0.01,463,1.0,MSEED,D,9,FLOAT64,>,512,13824
2018-03-12T17:57:38.380000Z,21.58712483438537,EV,EVN,00,HHN,2018-03-12T17:57:34.500000Z,2018-03-12T17:57:39.120000Z,100.0,0.01,463,1.0,MSEED,D,9,FLOAT64,>,512,13824
2018-03-12T17:57:38.390000Z,23.238864544312126,EV,EVN,00,HHN,2018-03-12T17:57:34.500000Z,2018-03-12T17:57:39.120000Z,100.0,0.01,463,1.0,MSEED,D,9,FLOAT64,>,512,13824
2018-03-12T17:57:38.400000Z,19.01840669356426,EV,EVN,00,HHN,2018-03-12T17:57:34.500000Z,2018-03-12T17:57:39.120000Z,100.0,0.01,463,1.0,MSEED,D,9,FLOAT64,>,512,13824
2018-03-12T17:57:38.410000Z,8.82482892328614,EV,EVN,00,HHN,2018-03-12T17:57:34.500000Z,2018-03-12T17:57:39.120000Z,100.0,0.01,463,1.0,MSEED,D,9,FLOAT64,>,512,13824
2018-03-12T17:57:38.420000Z,-3.830571545871617,EV,EVN,00,HHN,2018-03-12T17:57:34.500000Z,2018-03-12T17:57:39.120000Z,100.0,0.01,463,1.0,MSEED,D,9,FLOAT64,>,512,13824
2018-03-12T17:57:38.430000Z,-14.864135561210958,EV,EVN,00,HHN,2018-03-12T17:57:34.500000Z,2018-03-12T17:57:39.120000Z,100.0,0.01,463,1.0,MSEED,D,9,FLOAT64,>,512,13824
2018-03-12T17:57:38.440000Z,-22.718149052061175,EV,EVN,00,HHN,2018-03-12T17:57:34.500000Z,2018-03-12T17:57:39.120000Z,100.0,0.01,463,1.0,MSEED,D,9,FLOAT64,>,512,13824
2018-03-12T17:57:38.450000Z,-27.15912419307269,EV,EVN,00,HHN,2018-03-12T17:57:34.500000Z,2018-03-12T17:57:39.120000Z,100.0,0.01,463,1.0,MSEED,D,9,FLOAT64,>,512,13824
2018-03-12T17:57:38.460000Z,-26.17137526877552,EV,EVN,00,HHN,2018-03-12T17:57:34.500000Z,2018-03-12T17:57:39.120000Z,100.0,0.01,463,1.0,MSEED,D,9,FLOAT64,>,512,13824
2018-03-12T17:57:38.470000Z,-18.666311198937763,EV,EVN,00,HHN,2018-03-12T17:57:34.500000Z,2018-03-12T17:57:39.120000Z,100.0,0.01,463,1.0,MSEED,D,9,FLOAT64,>,512,13824
2018-03-12T17:57:38.480000Z,-7.619198136991649,EV,EVN,00,HHN,2018-03-12T17:57:34.500000Z,2018-03-12T17:57:39.120000Z,100.0,0.01,463,1.0,MSEED,D,9,FLOAT64,>,512,13824
2018-03-12T17:57:38.490000Z,2.822399989377651,EV,EVN,00,HHN,2018-03-12T17:57:34.500000Z,2018-03-12T17:57:39.120000Z,100.0,0.01,463,1.0,MSEED,D,9,FLOAT64,>,512,13824
2018-03-12T17:57:38.500000Z,9.753818938040402,EV,EVN,00,HHN,2018-03-12T17:57:34.500000Z,2018-03-12T17:57:39.120000Z,100.0,0.01,463,1.0,MSEED,D,9,FLOAT64,>,512,13824
2018-03-12T17:57:38.510000Z,12.959157335729946,EV,EVN,00,HHN,2018-03-12T17:57:34.500000Z,2018-03-12T17:57:39.120000Z,100.0,0.01,463,1.0,MSEED,D,9,FLOAT64,>,512,13824
2018-03-12T17:57:38.520000Z,14.778721425060755,EV,EVN,00,HHN,2018-03-12T17:57:34.500000Z,2018-03-12T17:57:39.120000Z,100.0,0.01,463,1.0,MSEED,D,9,FLOAT64,>,512,13824
2018-03-12T17:57:38.530000Z,14.40091221168392,EV,EVN,00,HHN,2018-03-12T17:57:34.500000Z,2018-03-12T17:57:39.120000Z,100.0,0.01,463,1.0,MSEED,D,9,FLOAT64,>,512,13824
2018-03-12T17:57:38.540000Z,8.760278133859764,EV,EVN,00,HHN,2018-03-12T17:57:34.500000Z,2018-03-12T17:57:39.120000Z,100.0,0.01,463,1.0,MSEED,D,9,FLOAT64,>,512,13824
2018-03-12T17:57:38.550000Z,0.6221856613140115,EV,EVN,00,HHN,2018-03-12T17:57:34.500000Z,2018-03-12T17:57:39.120000Z,100.0,0.01,463,1.0,MSEED,D,9,FLOAT64,>,512,13824
2018-03-12T17:57:38.560000Z,-5.324854675668599,EV,EVN,00,HHN,2018-03-12T17:57:34.500000Z,2018-03-12T17:57:39.120000Z,100.0,0.01,463,1.0,MSEED,D,9,FLOAT64,>,512,13824
2018-03-12T17:57:38.570000Z,-9.763658074930088,EV,EVN,00,HHN,2018-03-12T17:57:34.500000Z,2018-03-12T17:57:39.120000Z,100.0,0.01,463,1.0,MSEED,D,9,FLOAT64,>,512,13824
2018-03-12T17:57:38.580000Z,-13.748841116865023,EV,EVN,00,HHN,2018-03-12T17:57:34.500000Z,2018-03-12T17:57:39.120000Z,100.0,0.01,463,1.0,MSEED,D,9,FLOAT64,>,512,13824
2018-03-12T17:57:38.590000Z,-16.039412392341482,EV,EVN,00,HHN,2018-03-12T17:57:34.500000Z,2018-03-12T17:57:39.120000Z,100.0,0.01,463,1.0,MSEED,D,9,FLOAT64,>,512,13824
2018-03-12T17:57:38.600000Z,-16.364629275568475,EV,EVN,00,HHN,2018-03-12T17:57:34.500000Z,2018-03-12T17:57:39.120000Z,100.0,0.01,463,1.0,MSEED,D,9,FLOAT64,>,512,13824
2018-03-12T17:57:38.610000Z,-13.202357844016415,EV,EVN,00,HHN,2018-03-12T17:57:34.500000Z,2018-03-12T17:57:39.120000Z,100.0,0.01,463,1.0,MSEED,D,9,FLOAT64,>,512,13824
2018-03-12T17:57:38.620000Z,-5.2737342245624514,EV,EVN,00,HHN,2018-03-12T17:57:34.500000Z,2018-03-12T17:57:39.120000Z,100.0,0.01,463,1.0,MSEED,D,9,FLOAT64,>,512,13824
2018-03-12T17:57:38.630000Z,1.9273464730911876,EV,EVN,00,HHN,2018-03-12T17:57:34.500000Z,2018-03-12T17:57:39.120000Z,100.0,0.01,463,1.0,MSEED,D,9,FLOAT64,>,512,13824
2018-03-12T17:57:38.640000Z,1.7696546409087652,EV,EVN,00,HHN,2018-03-12T17:57:34.500000Z,2018-03-12T17:57:39.120000Z,100.0,0.01,463,1.0,MSEED,D,9,FLOAT64,>,512,13824
2018-03-12T17:57:38.650000Z,-2.8483221756807335,EV,EVN,00,HHN,2018-03-12T17:57:34.500000Z,2018-03-12T17:57:39.120000Z,100.0,0.01,463,1.0,MSEED,D,9,FLOAT64,>,512,13824
2018-03-12T17:57:38.660000Z,-4.149167381639578,EV,EVN,00,HHN,2018-03-12T17:57:34.500000Z,2018-03-12T17:57:39.120000Z,100.0,0.01,463,1.0,MSEED,D,9,FLOAT64,>,512,13824
2018-03-12T17:57:38.670000Z,-1.4849602981810217,EV,EVN,00,HHN,2018-03-12T17:57:34.500000Z,2018-03-12T17:57:39.120000Z,100.0,0.01,463,1.0,MSEED,D,9,FLOAT64,>,512,13824
2018-03-12T17:57:38.680000Z,-0.4415741322941651,EV,EVN,00,HHN,2018-03-12T17:57:34.500000Z,2018-03-12T17:57:39.120000Z,100.0,0.01,463,1.0,MSEED,D,9,FLOAT64,>,512,13824
2018-03-12T17:57:38.690000Z,-3.125933821842594,EV,EVN,00,HHN,2018-03-12T17:57:34.500000Z,2018-03-12T17:57:39.120000Z,100.0,0.01,463,1.0,MSEED,D,9,FLOAT64,>,512,13824
2018-03-12T17:57:38.700000Z,-7.121685423214307,EV,EVN,00,HHN,2018-03-12T17:57:34.500000Z,2018-03-12T17:57:39.120000Z,100.0,0.01,463,1.0,MSEED,D,9,FLOAT64,>,512,13824
2018-03-12T17:57:38.710000Z,-10.58019657716267,EV,EVN,00,HHN,2018-03-12T17:57:34.500000Z,2018-03-12T17:57:39.120000Z,100.0,0.01,463,1.0,MSEED,D,9,FLOAT64,>,512,13824
2018-03-12T17:57:38.720000Z,-11.98444297364679,EV,EVN,00,HHN,2018-03-12T17:57:34.500000Z,2018-03-12T17:57:39.120000Z,100.0,0.01,463,1.0,MSEED,D,9,FLOAT64,>,512,13824
2018-03-12T17:57:38.730000Z,-9.662481283452882,EV,EVN,00,HHN,2018-03-12T17:57:34.500000Z,2018-03-12T17:57:39.120000Z,100.0,0.01,463,1.0,MSEED,D,9,FLOAT64,>,512,13824
2018-03-12T17:57:38.740000Z,-3.8036964913260323,EV,EVN,00,HHN,2018-03-12T17:57:34.500000Z,2018-03-12T17:57:39.120000Z,100.0,0.01,463,1.0,MSEED,D,9,FLOAT64,>,512,13824
2018-03-12T17:57:38.750000Z,4.551826593724154,EV,EVN,00,HHN,2018-03-12T17:57:34.500000Z,2018-03-12T17:57:39.120000Z,100.0,0.01,463,1.0,MSEED,D,9,FLOAT64,>,512,13824
2018-03-12T17:57:38.760000Z,12.453101630400102,EV,EVN,00,HHN,2018-03-12T17:57:34.500000Z,2018-03-12T17:57:39.120000Z,100.0,0.01,463,1.0,MSEED,D,9,FLOAT64,>,512,13824
2018-03-12T17:57:38.770000Z,14.169105172950232,EV,EVN,00,HHN,2018-03-12T17:57:34.500000Z,2018-03-12T17:57:39.120000Z,100.0,0.01,463,1.0,MSEED,D,9,FLOAT64,>,512,13824
2018-03-12T17:57:38.780000Z,9.257524290134814,EV,EVN,00,HHN,2018-03-12T17:57:34.500000Z,2018-03-12T17:57:39.120000Z,100.0,0.01,463,1.0,MSEED,D,9,FLOAT64,>,512,13824
2018-03-12T17:57:38.790000Z,5.105351929582305,EV,EVN,00,HHN,2018-03-12T17:57:34.500000Z,2018-03-12T17:57:39.120000Z,100.0,0.01,463,1.0,MSEED,D,9,FLOAT64,>,512,13824
2018-03-12T17:57:38.800000Z,5.273043125079353,EV,EVN,00,HHN,2018-03-12T17:57:34.500000Z,2018-03-12T17:57:39.120000Z,100.0,0.01,463,1.0,MSEED,D,9,FLOAT64,>,512,13824
2018-03-12T17:57:38.810000Z,5.329633961777365,EV,EVN,00,HHN,2018-03-12T17:57:34.500000Z,2018-03-12T17:57:39.120000Z,100.0,0.01,463,1.0,MSEED,D,9,FLOAT64,>,512,13824
2018-03-12T17:57:38.820000Z,3.67146851210876,EV,EVN,00,HHN,2018-03-12T17:57:34.500000Z,2018-03-12T17:57:39.120000Z,100.0,0.01,463,1.0,MSEED,D,9,FLOAT64,>,512,13824
2018-03-12T17:57:38.830000Z,4.955384202547946,EV,EVN,00,HHN,2018-03-12T17:57:34.500000Z,2018-03-12T17:57:39.120000Z,100.0,0.01,463,1.0,MSEED,D,9,FLOAT64,>,512,13824
2018-03-12T17:57:38.840000Z,9.400903072406681,EV,EVN,00,HHN,2018-03-12T17:57:34.500000Z,2018-03-12T17:57:39.120000Z,100.0,0.01,463,1.0,MSEED,D,9,FLOAT64,>,512,13824
2018-03-12T17:57:38.850000Z,10.404322212592563,EV,EVN,00,HHN,2018-03-12T17:57:34.500000Z,2018-03-12T17:57:39.120000Z,100.0,0.01,463,1.0,MSEED,D,9,FLOAT64,>,512,13824
2018-03-12T17:57:38.860000Z,6.0700345363566495,EV,EVN,00,HHN,2018-03-12T17:57:34.500000Z,2018-03-12T17:57:39.120000Z,100.0,0.01,463,1.0,MSEED,D,9,FLOAT64,>,512,13824
2018-03-12T17:57:38.870000Z,1.3277982512113495,EV,EVN,00,HHN,2018-03-12T17:57:34.500000Z,2018-03-12T17:57:39.120000Z,100.0,0.01,463,1.0,MSEED,D,9,FLOAT64,>,512,13824
2018-03-12T17:57:38.880000Z,-1.5011185006328187,EV,EVN,00,HHN,2018-03-12T17:57:34.500000Z,2018-03-12T17:57:39.120000Z,100.0,0.01,463,1.0,MSEED,D,9,FLOAT64,>,512,13824
2018-03-12T17:57:38.890000Z,-3.788583607669965,EV,EVN,00,HHN,2018-03-12T17:57:34.500000Z,2018-03-12T17:57:39.120000Z,100.0,0.01,463,1.0,MSEED,D,9,FLOAT64,>,512,13824
2018-03-12T17:57:38.900000Z,-6.0660433791353245,EV,EVN,00,HHN,2018-03-12T17:57:34.500000Z,2018-03-12T17:57:39.120000Z,100.0,0.01,463,1.0,MSEED,D,9,FLOAT64,>,512,13824
2018-03-12T17:57:38.910000Z,-7.584193919649586,EV,EVN,00,HHN,2018-03-12T17:57:34.500000Z,2018-03-12T17:57:39.120000Z,100.0,0.01,463,1.0,MSEED,D,9,FLOAT64,>,512,13824
2018-03-12T17:57:38.920000Z,-6.291273818408815,EV,EVN,00,HHN,2018-03-12T17:57:34.500000Z,2018-03-12T17:57:39.120000Z,100.0,0.01,463,1.0,MSEED,D,9,FLOAT64,>,512,13824
2018-03-12T17:57:38.930000Z,-1.5716103641869594,EV,EVN,00,HHN,2018-03-12T17:57:34.500000Z,2018-03-12T17:57:39.120000Z,100.0,0.01,463,1.0,MSEED,D,9,FLOAT64,>,512,13824
2018-03-12T17:57:38.940000Z,2.8739431195197778,EV,EVN,00,HHN,2018-03-12T17:57:34.500000Z,2018-03-12T17:57:39.120000Z,100.0,0.01,463,1.0,MSEED,D,9,FLOAT64,>,512,13824
2018-03-12T17:57:38.950000Z,4.683660738911866,EV,EVN,00,HHN,2018-03-12T17:57:34.500000Z,2018-03-12T17:57:39.120000Z,100.0,0.01,463,1.0,MSEED,D,9,FLOAT64,>,512,13824
2018-03-12T17:57:38.960000Z,6.039293162011569,EV,EVN,00,HHN,2018-03-12T17:57:34.500000Z,2018-03-12T17:57:39.120000Z,100.0,0.01,463,1.0,MSEED,D,9,FLOAT64,>,512,13824
2018-03-12T17:57:38.970000Z,8.426494981196932,EV,EVN,00,HHN,2018-03-12T17:57:34.500000Z,2018-03-12T17:57:39.120000Z,100.0,0.01,463,1.0,MSEED,D,9,FLOAT64,>,512,13824
2018-03-12T17:57:38.980000Z,10.930875047316647,EV,EVN,00,HHN,2018-03-12T17:57:34.500000Z,2018-03-12T17:57:39.120000Z,100.0,0.01,463,1.0,MSEED,D,9,FLOAT64,>,512,13824
2018-03-12T17:57:38.990000Z,11.079779214991074,EV,EVN,00,HHN,2018-03-12T17:57:34.500000Z,2018-03-12T17:57:39.120000Z,100.0,0.01,463,1.0,MSEED,D,9,FLOAT64,>,512,13824
2018-03-12T17:57:39.000000Z,6.499010940403791,EV,EVN,00,HHN,2018-03-12T17:57:34.500000Z,2018-03-12T17:57:39.120000Z,100.0,0.01,463,1.0,MSEED,D,9,FLOAT64,>,512,13824
2018-03-12T17:57:39.010000Z,0.4586872987012929,EV,EVN,00,HHN,2018-03-12T17:57:34.500000Z,2018-03-12T17:57:39.120000Z,100.0,0.01,463,1.0,MSEED,D,9,FLOAT64,>,512,13824
2018-03-12T17:57:39.020000Z,-1.8154428598703434,EV,EVN,00,HHN,2018-03-12T17:57:34.500000Z,2018-03-12T17:57:39.120000Z,100.0,0.01,463,1.0,MSEED,D,9,FLOAT64,>,512,13824
2018-03-12T17:57:39.030000Z,-2.0999731888760436,EV,EVN,00,HHN,2018-03-12T17:57:34.500000Z,2018-03-12T17:57:39.120000Z,100.0,0.01,463,1.0,MSEED,D,9,FLOAT64,>,512,13824
2018-03-12T17:57:39.040000Z,-3.1555895363994733,EV,EVN,00,HHN,2018-03-12T17:57:34.500000Z,2018-03-12T17:57:39.120000Z,100.0,0.01,463,1.0,MSEED,D,9,FLOAT64,>,512,13824
2018-03-12T17:57:39.050000Z,-2.385545297037627,EV,EVN,00,HHN,2018-03-12T17:57:34.500000Z,2018-03-12T17:57:39.120000Z,100.0,0.01,463,1.0,MSEED,D,9,FLOAT64,>,512,13824
2018-03-12T17:57:39.060000Z,0.9272170134537498,EV,EVN,00,HHN,2018-03-12T17:57:34.500000Z,2018-03-12T17:57:39.120000Z,100.0,0.01,463,1.0,MSEED,D,9,FLOAT64,>,512,13824
2018-03-12T17:57:39.070000Z,4.683407883880854,EV,EVN,00,HHN,2018-03-12T17:57:34.500000Z,2018-03-12T17:57:39.120000Z,100.0,0.01,463,1.0,MSEED,D,9,FLOAT64,>,512,13824
2018-03-12T17:57:39.080000Z,9.569303889076087,EV,EVN,00,HHN,2018-03-12T17:57:34.500000Z,2018-03-12T17:57:39.120000Z,100.0,0.01,463,1.0,MSEED,D,9,FLOAT64,>,512,13824
2018-03-12T17:57:39.090000Z,14.353912049537385,EV,EVN,00,HHN,2018-03-12T17:57:34.500000Z,2018-03-12T17:57:39.120000Z,100.0,0.01,463,1.0,MSEED,D,9,FLOAT64,>,512,13824
2018-03-12T17:57:39.100000Z,13.346327557031886,EV,EVN,00,HHN,2018-03-12T17:57:34.500000Z,2018-03-12T17:57:39.120000Z,100.0,0.01,463,1.0,MSEED,D,9,FLOAT64,>,512,13824
2018-03-12T17:57:39.110000Z,6.701434051544368,EV,EVN,00,HHN,2018-03-12T17:57:34.500000Z,2018-03-12T17:57:39.120000Z,100.0,0.01,463,1.0,MSEED,D,9,FLOAT64,>,512,13824
2018-03-12T17:57:39.120000Z,2.209348056432251,EV,EVN,00,HHN,2018-03-12T17:57:34.500000Z,2018-03-12T17:57:39.120000Z,100.0,0.01,463,1.0,MSEED,D,9,FLOAT64,>,512,13824
