dof_index, displacement_x, displacement_y
0,0,0
1,0,0
2,0,1.2879e-115
3,0,7.16776e-116
4,0,7.00159e-58
5,0,7.32165e-59
6,0,3.47219e-58
7,0,-5.10123e-59
8,0,0
9,0,0
10,0,4.02889e-50
11,0,9.98272e-50
12,0,6.12041e-49
13,0,1.95037e-48
14,0,2.84387e-54
15,0,7.71907e-54
16,0,7.43892e-53
17,0,2.05398e-52
18,0,0
19,0,0
20,0,0
21,0,0
22,0,0
23,0,0
24,0,0
25,0,0
26,0,0
27,0,0
28,0,0
29,0,0
30,0,0
31,0,0
32,0,0
33,0,0
34,0,0
35,0,0
36,0,4.03212e-68
37,0,3.29218e-68
38,0,5.14873e-68
39,0,5.55005e-68
40,0,2.2493e-71
41,0,2.08675e-71
42,0,1.10398e-33
43,0,2.22617e-34
44,0,1.15768e-35
45,0,4.9178e-36
46,0,0
47,0,0
48,0,2.33246e-64
49,0,1.18933e-64
50,0,2.66479e-64
51,0,4.64307e-65
52,0,5.21523e-67
53,0,1.79089e-67
54,0,0
55,0,0
56,0,0
57,0,0
58,0,0
59,0,0
60,0,0
61,0,0
62,0,0
63,0,0
64,0,0
65,0,0
66,0,0
67,0,0
68,0,0
69,0,0
70,0,0
71,0,0
72,0,0
73,0,0
74,0,0
75,0,0
76,0,5.15104e-64
77,0,1.50943e-64
78,0,5.42129e-62
79,0,-1.68644e-64
80,0,8.35575e-59
81,0,-1.69894e-60
82,0,4.47824e-61
83,0,-2.34977e-62
84,0,1.08032e-61
85,0,6.20742e-62
86,0,0
87,0,0
88,0,0
89,0,0
90,0,0
91,0,0
92,0,0
93,0,0
94,0,0
95,0,0
96,0,0
97,0,0
98,0,0
99,0,0
100,0,0
101,0,0
102,0,0
103,0,0
104,0,7.75628e-48
105,0,-6.12719e-50
106,0,0
107,0,0
108,0,0
109,0,0
110,0,0
111,0,0
112,0,0
113,0,0
114,0,0
115,0,0
116,0,0
117,0,0
118,0,0
119,0,0
120,0,0
121,0,0
122,0,0
123,0,0
124,0,0
125,0,0
126,0,0
127,0,0
128,0,9.35701e-48
129,0,6.05025e-48
130,0,3.66777e-50
131,0,2.46157e-50
132,0,1.16163e-49
133,0,7.22991e-50
134,0,1.92615e-47
135,0,1.40927e-47
136,0,4.37707e-52
137,0,3.46489e-52
138,0,4.60024e-20
139,0,2.76625e-20
140,0,0
141,0,0
142,0,0
143,0,0
144,0,0
145,0,0
146,0,2.90606e-50
147,0,4.59374e-51
148,0,1.29067e-50
149,0,5.11941e-51
150,0,5.7119e-48
151,0,8.76064e-49
152,0,8.71932e-41
153,0,5.82133e-41
154,0,3.3769e-42
155,0,5.41228e-42
156,0,8.9343e-39
157,0,6.98408e-39
158,0,1.29816e-33
159,0,3.56726e-34
160,0,7.29857e-35
161,0,6.89807e-35
162,0,4.98292e-37
163,0,4.28272e-37
164,0,0
165,0,0
166,0,0
167,0,0
168,0,0
169,0,0
170,0,8.75455e-27
171,0,2.10449e-26
172,0,1.05935e-28
173,0,1.73583e-28
174,0,2.15641e-28
175,0,1.03505e-28
176,0,0
177,0,0
178,0,0
179,0,0
180,0,8.44117e-53
181,0,2.12568e-53
182,0,0
183,0,0
184,0,0
185,0,0
186,0,0
187,0,0
188,0,0
189,0,0
190,0,0
191,0,0
192,0,0
193,0,0
194,0,0
195,0,0
196,0,0
197,0,0
198,0,2.64291e-55
199,0,5.13333e-56
200,0,6.91586e-53
201,0,-1.46942e-53
202,0,0
203,0,0
204,0,0
205,0,0
206,0,0
207,0,0
208,0,0
209,0,0
210,0,0
211,0,0
212,0,0
213,0,0
214,0,6.48675e-44
215,0,8.91085e-44
216,0,2.78691e-42
217,0,1.76808e-42
218,0,8.91215e-42
219,0,5.74878e-42
220,0,5.7249e-40
221,0,5.51542e-40
222,0,4.02414e-52
223,0,2.13244e-52
224,0,1.21512e-54
225,0,5.00319e-55
226,0,1.13163e-49
227,0,6.25273e-50
228,0,2.14069e-29
229,0,8.16997e-30
230,0,9.73107e-36
231,0,1.91703e-36
232,0,0
233,0,0
234,0,0
235,0,0
236,0,0
237,0,0
238,0,6.2917e-31
239,0,5.60645e-31
240,0,2.92941e-33
241,0,4.54771e-33
242,0,-1.12997e-31
243,0,1.16326e-30
244,0,3.14233e-30
245,0,5.79224e-30
246,0,2.31185e-32
247,0,1.99327e-32
248,0,5.93193e-47
249,0,-2.302e-47
250,0,4.25953e-49
251,0,2.8156e-50
252,0,9.61027e-47
253,0,5.04518e-47
254,0,0
255,0,0
256,0,0
257,0,0
258,0,0
259,0,0
260,0,0
261,0,0
262,0,0
263,0,0
264,0,4.90151e-54
265,0,4.25569e-54
266,0,1.57154e-56
267,0,2.21689e-56
268,0,8.19784e-57
269,0,1.56497e-56
270,0,9.32191e-43
271,0,-6.82951e-44
272,0,1.62292e-40
273,0,4.85361e-42
274,0,1.74784e-38
275,0,1.39905e-39
276,0,3.4498e-43
277,0,-5.0695e-45
278,0,0
279,0,0
280,0,0
281,0,0
282,0,0
283,0,0
284,0,0
285,0,0
286,0,0
287,0,0
288,0,0
289,0,0
290,0,0
291,0,0
292,0,0
293,0,0
294,0,1.20822e-66
295,0,3.19327e-67
296,0,0
297,0,0
298,0,0
299,0,0
300,0,0
301,0,0
302,0,0
303,0,0
304,0,0
305,0,0
306,0,2.76259e-26
307,0,3.37585e-26
308,0,1.43337e-25
309,0,-8.06715e-27
310,0,1.52637e-27
311,0,-1.63396e-28
312,0,0
313,0,0
314,0,0
315,0,0
316,0,0
317,0,0
318,0,0
319,0,0
320,0,0
321,0,0
322,0,0
323,0,0
324,0,0
325,0,0
326,0,0
327,0,0
328,0,1.30256e-73
329,0,1.15102e-73
330,0,2.60505e-76
331,0,2.92914e-76
332,0,7.99992e-75
333,0,3.10542e-74
334,0,0
335,0,0
336,0,5.11263e-41
337,0,-5.13386e-42
338,0,4.66252e-40
339,0,2.08769e-40
340,0,0
341,0,0
342,0,0
343,0,0
344,0,0
345,0,0
346,0,0
347,0,0
348,0,1.52453e-23
349,0,-5.02534e-25
350,0,1.3573e-21
351,0,4.66374e-22
352,0,8.83099e-31
353,0,1.09403e-30
354,0,1.21312e-30
355,0,1.3962e-30
356,0,1.05378e-28
357,0,1.81206e-28
358,0,1.72351e-30
359,0,6.04217e-31
360,0,6.3515e-33
361,0,7.2987e-33
362,0,1.9318e-32
363,0,8.47501e-33
364,0,0
365,0,0
366,0,0
367,0,0
368,0,0
369,0,0
370,0,0
371,0,0
372,0,0
373,0,0
374,0,0
375,0,0
376,0,0
377,0,0
378,0,1.06356e-61
379,0,5.9688e-62
380,0,1.60977e-64
381,0,5.97084e-65
382,0,1.56312e-64
383,0,1.32326e-64
384,0,3.19659e-67
385,0,1.13011e-67
386,0,0
387,0,0
388,0,0
389,0,0
390,0,0
391,0,0
392,0,4.05981e-42
393,0,8.92937e-43
394,0,0
395,0,0
396,0,0
397,0,0
398,0,1.90669e-26
399,0,4.42886e-26
400,0,4.52901e-26
401,0,8.32139e-26
402,0,4.00202e-28
403,0,8.39645e-28
404,0,4.5794e-28
405,0,6.70075e-28
406,0,0
407,0,0
408,0,0
409,0,0
410,0,0
411,0,0
412,0,0
413,0,0
414,0,0
415,0,0
416,0,0
417,0,0
418,0,0
419,0,0
420,0,3.17734e-68
421,0,1.64783e-68
422,0,1.57182e-65
423,0,9.9967e-66
424,0,2.24511e-65
425,0,5.76536e-66
426,0,8.90052e-22
427,0,6.69706e-22
428,0,-1.43722e-22
429,0,1.35719e-21
430,0,4.28912e-20
431,0,1.70704e-19
432,0,3.70496e-31
433,0,3.45068e-31
434,0,3.88105e-30
435,0,1.35414e-29
436,0,0
437,0,0
438,0,0
439,0,0
440,0,0
441,0,0
442,0,0
443,0,0
444,0,0
445,0,0
446,0,4.20439e-70
447,0,1.17851e-70
448,0,5.13817e-70
449,0,2.52181e-70
450,0,8.31227e-73
451,0,2.85878e-73
452,0,1.05976e-72
453,0,2.56372e-73
454,0,0
455,0,0
456,0,0
457,0,0
458,0,0
459,0,0
460,0,0
461,0,0
462,0,0
463,0,0
464,0,3.25902e-47
465,0,7.3848e-48
466,0,2.26404e-47
467,0,1.70093e-48
468,0,6.41356e-50
469,0,1.87926e-50
470,0,0
471,0,0
472,0,0
473,0,0
474,0,0
475,0,0
476,0,0
477,0,0
478,0,0
479,0,0
480,0,0
481,0,0
482,0,0
483,0,0
484,0,1.21781e-115
485,0,6.48612e-116
486,0,1.13608e-111
487,0,4.76835e-112
488,0,1.97278e-111
489,0,4.03288e-112
490,0,8.52104e-108
491,0,5.4788e-108
492,0,6.65863e-108
493,0,4.24598e-108
494,0,1.22591e-78
495,0,4.22906e-79
496,0,1.1655e-81
497,0,4.17998e-82
498,0,1.54686e-81
499,0,6.13758e-82
500,0,1.16454e-84
501,0,5.59324e-85
502,0,1.34633e-84
503,0,3.68333e-85
504,0,0
505,0,0
506,0,0
507,0,0
508,0,0
509,0,0
510,0,0
511,0,0
512,0,0
513,0,0
514,0,0
515,0,0
516,0,8.50185e-101
517,0,6.56349e-101
518,0,1.14299e-97
519,0,1.4577e-97
520,0,3.17688e-97
521,0,7.60932e-98
522,0,0
523,0,0
524,0,1.41968e-94
525,0,1.55087e-94
526,0,4.12787e-95
527,0,5.32085e-95
528,0,5.90942e-91
529,0,2.6643e-91
530,0,3.12718e-94
531,0,1.22664e-94
532,0,3.99277e-94
533,0,1.82287e-94
534,0,1.40303e-97
535,0,6.20534e-98
536,0,1.5099e-97
537,0,2.68583e-98
538,0,2.32749e-79
539,0,1.50954e-79
540,0,1.25644e-76
541,0,7.83321e-77
542,0,2.27752e-76
543,0,1.09828e-76
544,0,9.49039e-74
545,0,6.12812e-74
546,0,5.88487e-74
547,0,4.26144e-74
548,0,1.39785e-89
549,0,1.07779e-89
550,0,9.93589e-87
551,0,7.88107e-87
552,0,2.92667e-86
553,0,6.96377e-87
554,0,1.40691e-83
555,0,1.42591e-83
556,0,9.21076e-84
557,0,1.18569e-83
558,0,1.06367e-104
559,0,4.25844e-105
560,0,1.58057e-108
561,0,5.04862e-109
562,0,2.15239e-108
563,0,8.85528e-109
564,0,1.20477e-112
565,0,4.75603e-113
566,0,1.17209e-112
567,0,1.14248e-113
568,0,5.7684e-71
569,0,4.56271e-71
570,0,9.90613e-71
571,0,2.85794e-71
572,0,1.43855e-68
573,0,1.50111e-68
574,0,0
575,0,0
576,0,0
577,0,0
578,4.61128e-54,8.68778e-116
579,4.75068e-54,2.95927e-116
580,5.96474e-55,1.02037e-75
581,2.44824e-55,4.34645e-76
582,2.16417e-52,1.06669e-75
583,4.14818e-53,5.20185e-76
584,1.46511e-54,0
585,3.92988e-55,0
586,0,1.41218e-78
587,0,1.92843e-79
588,0,3.95388e-22
589,0,4.74881e-22
590,0,2.72892e-22
591,0,5.98003e-22
592,3.59777e-67,3.31439e-104
593,4.5941e-67,3.12581e-104
594,1.00142e-69,6.29592e-104
595,1.26434e-69,8.29482e-105
596,2.39485e-67,9.84635e-66
597,4.83123e-67,1.12183e-65
598,6.24165e-60,4.23945e-101
599,3.50242e-59,3.362e-101
600,2.4545e-59,7.48997e-88
601,2.04769e-59,3.23698e-88
602,7.60779e-62,9.91518e-88
603,1.30037e-61,4.11043e-88
604,3.9492e-62,7.04529e-91
605,2.08792e-61,1.58155e-91
606,0,9.65484e-92
607,0,1.63591e-91
608,0,2.52249e-91
609,0,3.5542e-91
610,0,8.86051e-90
611,0,3.31688e-90
612,0,1.14771e-80
613,0,2.45164e-80
614,0,3.73693e-80
615,0,5.17074e-81
616,0,1.24693e-79
617,0,6.52057e-80
618,0,3.78474e-101
619,0,1.42622e-101
620,1.26432e-67,5.15529e-101
621,7.95205e-67,2.03903e-101
622,1.5435e-64,1.15365e-104
623,7.3518e-64,1.36297e-105
624,-1.34749e-65,0
625,2.91676e-64,0
626,0,0
627,0,0
628,9.45672e-65,0
629,2.11276e-64,0
630,3.1838e-60,0
631,6.38255e-60,0
632,1.41836e-59,0
633,6.23393e-60,0
634,3.59409e-62,0
635,3.73174e-62,0
636,0,0
637,0,0
638,0,0
639,0,0
640,0,0
641,0,0
642,0,0
643,0,0
644,0,0
645,0,0
646,0,2.80662e-36
647,0,2.63848e-36
648,0,7.71432e-34
649,0,4.00003e-34
650,0,2.71557e-35
651,0,2.49427e-35
652,0,1.45518e-37
653,0,1.33254e-37
654,0,4.36341e-46
655,0,5.3633e-46
656,2.03361e-42,1.85169e-41
657,5.9118e-43,2.14494e-41
658,1.11071e-44,2.35938e-47
659,2.88396e-45,3.66175e-48
660,1.4482e-42,4.13079e-48
661,4.60247e-43,4.07294e-48
662,4.58639e-47,6.45738e-50
663,2.64584e-47,-2.77697e-51
664,1.05133e-49,0
665,-6.95195e-51,0
666,3.18436e-49,4.75049e-52
667,3.707e-50,2.06474e-52
668,2.21865e-40,0
669,5.50392e-41,0
670,0,0
671,0,0
672,0,0
673,0,0
674,0,0
675,0,0
676,0,0
677,0,0
678,0,0
679,0,0
680,0,0
681,0,0
682,0,3.51556e-60
683,0,3.53066e-60
684,1.10687e-63,2.60853e-57
685,3.80454e-63,6.11865e-58
686,4.79982e-63,0.136454
687,2.68497e-64,0.1038
688,4.65498e-66,0
689,4.10253e-66,0
690,1.10022e-06,0
691,4.54748e-07,0
692,2.55321e-05,0
693,5.26494e-06,0
694,1.23359e-06,0
695,-1.70342e-07,0
696,2.70959e-84,0
697,2.99679e-84,0
698,3.77828e-87,0
699,2.12432e-87,0
700,4.21659e-87,0
701,3.31168e-87,0
702,0,0
703,0,0
704,0,0
705,0,0
706,0,0
707,0,0
708,0,0
709,0,0
710,0,0
711,0,0
712,0,0
713,0,0
714,9.38237e-72,2.76303e-29
715,2.51022e-72,2.28372e-29
716,2.90956e-74,3.7526e-28
717,2.5906e-75,2.31242e-28
718,5.78327e-75,3.15258e-27
719,3.56721e-75,8.25461e-27
720,0,7.90368e-30
721,0,1.89959e-30
722,0,3.29621e-32
723,0,1.01332e-32
724,0,0
725,0,0
726,0,0
727,0,0
728,0,0
729,0,0
730,2.67513e-116,0
731,6.14788e-117,0
732,3.56574e-107,0.0209099
733,7.3769e-108,0.0191213
734,6.83906e-104,0.176869
735,1.38953e-104,0.166041
736,2.10061e-104,0
737,5.74339e-105,0
738,1.20177e-100,0
739,8.75964e-102,0
740,3.11101e-85,2.39414e-15
741,2.27461e-86,2.58326e-15
742,2.19324e-87,-2.9386e-14
743,-1.34931e-87,2.72742e-13
744,2.67278e-84,3.75334e-57
745,-2.43789e-85,2.4836e-59
746,1.78643e-87,1.53299e-45
747,5.0427e-88,-5.6544e-47
748,4.59879e-100,8.18686e-48
749,3.41686e-102,-2.83899e-49
750,1.28069e-100,0
751,-6.71247e-101,0
752,3.28565e-97,0
753,-7.56621e-98,0
754,4.47584e-93,5.21119e-88
755,1.42812e-93,2.76303e-88
756,2.69463e-90,2.35293e-44
757,1.20344e-90,8.44608e-44
758,9.52753e-91,6.40116e-47
759,2.37918e-91,5.23425e-46
760,2.37292e-80,6.8881e-44
761,1.11282e-80,2.30239e-43
762,7.13757e-78,3.82564e-46
763,1.09653e-77,1.25779e-45
764,5.03388e-78,5.03103e-66
765,2.61784e-79,4.14357e-66
766,9.2753e-116,0
767,-1.97886e-116,0
768,3.35756e-116,0
769,-2.61583e-116,0
770,6.21782e-112,0
771,-9.2248e-113,0
772,0,0
773,0,0
774,0,0
775,0,0
776,0,0
777,0,0
778,1.35113e-70,1.89675e-44
779,5.0865e-71,1.16077e-44
780,3.63578e-68,3.64304e-44
781,1.33951e-68,1.88484e-44
782,5.95795e-69,1.03637e-46
783,2.94582e-69,1.0111e-46
784,0,3.40676e-81
785,0,2.16017e-81
786,0,9.61688e-85
787,0,1.20789e-84
788,9.03249e-85,0
789,4.5517e-85,0
790,1.84466e-70,0
791,7.97145e-71,0
792,1.69998e-73,0
793,8.02214e-74,0
794,6.45158e-73,0
795,4.54553e-73,0
796,1.53391e-75,1.12786e-38
797,1.20701e-75,9.92167e-39
798,7.44699e-38,7.80267e-63
799,2.36915e-38,7.81703e-64
800,6.09108e-36,2.23597e-34
801,1.58886e-36,1.25475e-34
802,1.95249e-38,8.50727e-35
803,3.16148e-39,9.89106e-35
804,-1.4162e-38,2.56947e-73
805,1.33296e-37,1.84987e-72
806,4.34599e-38,6.7108e-108
807,1.23826e-37,3.88006e-109
808,2.28447e-40,8.0648e-108
809,1.13741e-39,8.25005e-109
810,1.2271e-40,2.21322e-115
811,5.82756e-40,-4.62072e-117
812,0,8.70358e-94
813,0,4.66566e-95
814,0,1.27607e-100
815,0,6.9777e-102
816,0,4.9965e-27
817,0,4.19832e-27
818,0,1.35947e-26
819,0,1.34867e-26
820,3.69148e-72,6.14136e-26
821,4.04505e-72,5.48712e-26
822,2.54542e-75,0
823,6.87061e-75,0
824,-8.39891e-73,0
825,1.04543e-71,0
826,4.81814e-75,0
827,2.56738e-74,0
828,0,0
829,0,0
830,0,0
831,0,0
832,0,0
833,0,0
834,0,0
835,0,0
836,0,0
837,0,0
838,0,0
839,0,0
840,0,3.32564e-28
841,0,2.43425e-28
842,0,4.00389e-26
843,0,3.27671e-26
844,0,1.04111e-32
845,0,2.83947e-34
846,0,5.26183e-31
847,0,2.85172e-32
848,0,1.55098e-30
849,0,5.98024e-32
850,0,6.72945e-31
851,0,-1.01677e-31
852,2.65521e-65,2.22046e-45
853,2.45357e-65,1.41872e-45
854,6.27253e-63,3.27397e-47
855,7.25877e-63,2.55291e-47
856,9.02665e-63,4.86729e-43
857,7.08931e-63,3.35641e-43
858,2.05689e-65,4.65059e-45
859,2.24678e-65,3.60051e-45
860,7.35459e-47,1.29843e-42
861,1.80647e-46,1.0603e-42
862,5.78012e-47,0
863,8.18457e-47,0
864,1.8408e-49,0
865,3.96087e-49,0
866,0,0
867,0,0
868,0,1.20805e-31
869,0,8.91263e-32
870,0,1.34158e-31
871,0,1.47674e-31
872,0,9.94423e-33
873,0,2.23233e-32
874,0,2.6013e-64
875,0,1.4155e-63
876,0,3.03424e-66
877,0,3.85277e-66
878,0,6.94127e-65
879,0,6.75234e-65
880,0,0
881,0,0
882,0,0
883,0,0
884,0,0
885,0,0
886,1.22426e-51,1.29966e-40
887,1.35164e-51,1.12122e-40
888,5.81591e-54,3.76162e-40
889,4.27593e-54,4.19916e-40
890,1.34589e-51,3.25347e-38
891,7.67417e-52,2.75983e-38
892,1.79822e-56,9.23577e-45
893,1.3827e-56,4.35243e-45
894,3.45382e-57,4.62695e-22
895,6.51334e-58,1.13526e-21
896,0,1.16404e-22
897,0,3.03522e-22
898,0,1.29038e-24
899,0,3.72448e-24
900,0,1.68459e-26
901,0,2.74539e-26
902,3.33195e-26,2.44938e-28
903,1.57348e-26,5.92298e-28
904,6.41406e-26,1.9073e-31
905,6.39742e-26,7.0395e-32
906,8.41184e-28,1.49703e-33
907,3.5657e-28,9.65376e-34
908,5.90369e-28,5.11055e-51
909,4.31904e-28,4.04874e-51
910,1.31255e-65,1.29487e-48
911,8.10318e-66,1.36956e-48
912,0,8.29044e-47
913,0,1.35878e-46
914,0,3.1087e-38
915,0,1.97665e-38
916,0,2.55357e-64
917,0,2.14224e-64
918,0,8.28552e-62
919,0,1.21983e-61
920,0,9.7755e-62
921,0,7.1807e-62
922,0,4.18074e-64
923,0,5.05132e-64
924,0,0
925,0,0
926,0,2.2946e-24
927,0,2.17057e-24
928,0,7.12936e-30
929,0,3.628e-30
930,4.64572e-37,2.32787e-29
931,3.89139e-37,1.29982e-30
932,5.91927e-35,9.09102e-35
933,5.02362e-35,1.76215e-34
934,5.8042e-37,7.74294e-37
935,1.15431e-36,8.42776e-37
936,2.93054e-39,1.04306e-35
937,6.24974e-39,1.34884e-35
938,0,4.58356e-38
939,0,2.92325e-38
940,0,7.81205e-24
941,0,6.38087e-24
942,7.65362e-58,6.45286e-23
943,2.46986e-57,7.11815e-23
944,6.43301e-58,5.83325e-21
945,3.13755e-58,6.87231e-21
946,1.13192e-56,0
947,1.29875e-56,0
948,2.31987e-55,1.4739e-30
949,1.88443e-55,1.46533e-30
950,0,2.78727e-87
951,0,1.46661e-88
952,0,0
953,0,0
954,0,0
955,0,0
956,0,0
957,0,0
958,0,0
959,0,0
960,0,4.85085e-81
961,0,2.45091e-82
962,0,1.02261e-56
963,0,1.51805e-57
964,0,0
965,0,0
966,3.3284e-80,0
967,6.00846e-81,0
968,3.78071e-81,0
969,-7.33382e-82,0
970,0,0
971,0,0
972,1.28004e-43,0
973,2.26043e-43,0
974,3.6044e-44,0
975,4.26528e-44,0
976,7.62834e-46,0
977,4.15695e-46,0
978,2.03293e-46,0
979,5.63161e-46,0
980,0,0
981,0,0
982,0,0
983,0,0
984,0,0
985,0,0
986,2.15048e-55,7.09791e-36
987,9.63045e-56,6.67161e-36
988,3.08465e-58,1.3116e-37
989,3.53389e-58,1.38641e-37
990,8.07483e-57,0
991,5.15798e-57,0
992,1.2967e-06,1.67545e-33
993,2.94461e-06,2.53107e-33
994,6.82437e-05,5.85033e-33
995,7.07222e-05,6.05561e-33
996,4.16204e-06,0
997,3.10191e-06,0
998,5.86666e-59,0
999,2.17991e-59,0
1000,0,0
1001,0,0
1002,0,0
1003,0,0
1004,0,0
1005,0,0
1006,2.98774e-104,0
1007,-8.9509e-105,0
1008,0,0
1009,0,0
1010,0,0
1011,0,0
1012,0,4.89736e-44
1013,0,3.35827e-44
1014,2.03057e-87,1.60623e-41
1015,8.33274e-88,9.8051e-42
1016,5.1595e-116,1.98106e-24
1017,1.66255e-116,9.83703e-25
1018,0,0
1019,0,0
1020,1.87593e-54,3.0472e-25
1021,4.97054e-54,7.77869e-25
1022,6.03719e-55,8.58231e-33
1023,2.42847e-54,6.79408e-33
1024,2.70091e-52,1.00844e-32
1025,9.29571e-52,9.31744e-33
1026,0,1.01905e-32
1027,0,6.03657e-33
1028,0,0
1029,0,0
1030,0,0
1031,0,0
1032,0,2.66018e-39
1033,0,7.87457e-39
1034,8.64116,0
1035,-0.926764,0
1036,1.87511,0
1037,0.176505,0
1038,7.45035,5.02423e-75
1039,1.84773,1.13579e-76
1040,9.42554e-61,0
1041,5.5087e-61,0
1042,3.89418e-63,3.19233e-69
1043,2.95046e-63,1.97286e-70
1044,7.30825e-64,5.10105e-26
1045,1.2148e-63,3.07747e-26
1046,0,0
1047,0,0
1048,0,2.08321e-45
1049,0,3.05994e-46
1050,3.69642e-97,1.48955e-53
1051,9.32126e-98,2.70508e-53
1052,1.37519e-100,1.7828e-110
1053,9.10287e-101,1.26886e-110
1054,1.35973e-97,0
1055,2.51691e-97,0
1056,5.91958e-98,0
1057,1.3295e-98,0
1058,0,1.9853e-106
1059,0,2.03498e-107
1060,0,3.53929e-92
1061,0,3.15168e-93
1062,6.03981e-60,0
1063,4.21827e-59,0
1064,0,1.83591e-56
1065,0,5.97207e-56
1066,0,2.58074e-57
1067,0,5.22575e-56
1068,0,1.23449e-105
1069,0,1.0494e-105
1070,0,0
1071,0,0
1072,0,0
1073,0,0
1074,0,0
1075,0,0
1076,0,2.68645e-66
1077,0,2.09291e-66
1078,4.48676e-53,8.71465e-66
1079,6.77719e-53,1.033e-65
1080,1.30643e-52,0
1081,2.27756e-52,0
1082,4.68319e-55,0
1083,1.00642e-54,0
1084,1.31603e-90,0
1085,-3.10853e-91,0
1086,0,3.92142e-101
1087,0,2.93797e-101
1088,0,5.05583e-116
1089,0,2.68973e-117
1090,0,2.34375e-115
1091,0,1.65952e-115
1092,0,3.90554e-47
1093,0,9.08742e-47
1094,0,-7.52055e-46
1095,0,1.18993e-44
1096,0.126598,-4.45749e-47
1097,-0.0557614,9.79253e-46
1098,0.0392362,0
1099,-0.0100002,0
1100,0.2952,5.13814e-99
1101,-0.108273,4.75116e-100
1102,6.55959e-97,1.4762e-75
1103,-2.30431e-98,9.61892e-76
1104,7.4186e-94,9.34174e-79
1105,-4.44158e-95,1.37343e-78
1106,1.10726e-93,4.90415e-47
1107,-5.53429e-95,8.98197e-48
1108,2.4607e-16,4.37274e-46
1109,2.84649e-16,-2.56594e-46
1110,8.30688e-16,1.07613e-85
1111,4.01137e-15,1.00656e-86
1112,2.25674e-17,2.20937e-68
1113,4.61836e-17,3.11769e-68
1114,3.26458e-18,6.15962e-66
1115,5.65159e-18,1.74193e-65
1116,0,0
1117,0,0
1118,2.04228e-84,2.37687e-79
1119,1.85053e-84,1.04366e-81
1120,1.01575e-84,0
1121,3.82006e-85,0
1122,0,0
1123,0,0
1124,0,0
1125,0,0
1126,0,0
1127,0,0
1128,0,4.34703e-15
1129,0,3.48552e-15
1130,0,2.49062e-13
1131,0,3.4173e-13
1132,0,2.90107e-73
1133,0,3.54374e-74
1134,2.64457e-77,2.46509e-25
1135,-8.62114e-79,-6.04492e-26
1136,2.68811e-74,1.72876e-23
1137,1.25989e-74,3.85698e-24
1138,3.97536e-77,1.94989e-23
1139,2.72898e-77,6.09861e-24
1140,1.7322e-74,2.68544e-13
1141,2.45899e-74,1.45114e-13
1142,8.839e-08,0
1143,1.16118e-07,0
1144,1.07895e-07,3.61229e-71
1145,1.5651e-07,9.10905e-72
1146,4.12691e-75,0
1147,1.39854e-75,0
1148,0,0
1149,0,0
1150,0,0
1151,0,0
1152,0,0
1153,0,0
1154,0,0
1155,0,0
1156,0,0.00174085
1157,0,0.00165182
1158,0,0
1159,0,0
1160,0,2.53926e-66
1161,0,4.48035e-66
1162,6.65272e-59,0
1163,2.61457e-58,0
1164,0,1.28005e-14
1165,0,6.59653e-15
1166,0,0
1167,0,0
1168,0,0
1169,0,0
1170,0.308211,0
1171,-0.0230365,0
1172,9.51521e-44,0
1173,9.98257e-44,0
1174,2.03641e-41,0
1175,1.32057e-41,0
1176,7.69849e-44,3.46458e-51
1177,3.2318e-44,8.42356e-51
1178,0,1.47275e-55
1179,0,1.94766e-55
1180,0,0
1181,0,0
1182,0,0
1183,0,0
1184,5.26834e-66,6.05747e-67
1185,-3.17512e-67,7.93585e-67
1186,0,1.59376e-41
1187,0,1.10435e-40
1188,0,2.74301e-44
1189,0,3.88504e-43
1190,0,3.29963e-43
1191,0,3.0617e-42
1192,-1.5837e-66,1.94248e-43
1193,4.50717e-66,2.11194e-43
1194,1.29459e-75,9.50084e-06
1195,3.75076e-76,6.57548e-06
1196,5.23814e-73,0
1197,2.67986e-73,0
1198,0,0
1199,0,0
1200,0,1.02639e-66
1201,0,2.34152e-67
1202,0,0
1203,0,0
1204,0,0
1205,0,0
1206,0,0
1207,0,0
1208,0,8.14707e-09
1209,0,3.39849e-09
1210,0,4.56232e-08
1211,0,7.73902e-10
1212,0,1.0557e-08
1213,0,-6.28704e-10
1214,4.9789e-46,2.01938e-23
1215,3.86328e-46,1.07488e-24
1216,0,0
1217,0,0
1218,0,6.33303e-10
1219,0,-3.34655e-10
1220,0,3.66072e-09
1221,0,-7.14091e-10
1222,0,1.94612e-08
1223,0,-1.2869e-08
1224,0,0
1225,0,0
1226,0,0
1227,0,0
1228,0,0
1229,0,0
1230,2.627e-60,0
1231,1.47296e-60,0
1232,0.0107285,0
1233,-0.00170488,0
1234,0.00124581,3.62078e-98
1235,-0.000405619,6.33696e-99
1236,0.0015872,0
1237,-7.80951e-05,0
1238,0,0
1239,0,0
1240,1.15895e-61,4.13615e-59
1241,1.15021e-61,1.94537e-58
1242,4.54311e-59,1.18078e-61
1243,3.52783e-59,6.18616e-61
1244,7.20614e-52,5.54452e-59
1245,1.57361e-51,2.06774e-58
1246,7.97894e-50,7.01186e-64
1247,3.09914e-49,1.36593e-63
1248,4.67168e-57,0
1249,4.70009e-57,0
1250,2.31209,0
1251,0.970744,0
1252,3.42373,0
1253,1.55719,0
1254,0,0
1255,0,0
1256,0,0
1257,0,0
1258,0,9.96455e-14
1259,0,1.1369e-13
1260,0,-3.62346e-16
1261,0,3.81444e-15
1262,0,1.55494e-57
1263,0,1.47144e-57
1264,0,6.13631e-42
1265,0,9.45839e-42
1266,0,7.30106e-40
1267,0,1.38106e-39
1268,0,0
1269,0,0
1270,0,0
1271,0,0
1272,0,0
1273,0,0
1274,0,0
1275,0,0
1276,0,1.17014e-11
1277,0,5.28656e-13
1278,1.43323e-63,2.11606e-10
1279,2.15161e-63,2.19863e-11
1280,2.41217e-66,4.35522e-10
1281,3.34111e-66,-4.44584e-11
1282,5.04647e-66,3.15328e-12
1283,8.61743e-66,1.80441e-13
1284,1.41291e-69,7.71813e-22
1285,3.04429e-69,1.87772e-22
1286,8.20188e-69,0
1287,9.6484e-69,0
1288,0,0
1289,0,0
1290,0,0
1291,0,0
1292,0,0
1293,0,0
1294,4.77715e-95,0
1295,2.54036e-94,0
1296,6.34962e-94,0
1297,2.57346e-95,0
1298,4.75884e-94,0
1299,6.26734e-94,0
1300,8.99928e-97,3.6545e-68
1301,7.18134e-97,2.27597e-69
1302,3.30431e-94,1.49766e-68
1303,2.11612e-94,8.5917e-69
1304,0,4.24878e-69
1305,0,2.13356e-68
1306,0,8.0394e-70
1307,0,4.49967e-69
1308,0,0
1309,0,0
1310,1.29589e-97,2.98378e-53
1311,-9.80674e-99,7.23744e-53
1312,9.35195e-17,1.59249e-50
1313,2.28515e-16,2.64092e-50
1314,1.93818e-18,1.04222e-54
1315,3.70772e-18,3.98246e-54
1316,2.87641e-18,0
1317,5.3317e-18,0
1318,9.64317e-98,0
1319,1.33112e-97,0
1320,7.65308e-95,0
1321,1.279e-95,0
1322,2.508e-20,2.57295e-06
1323,4.96177e-20,8.9551e-07
1324,1.80252e-56,0
1325,5.29962e-56,0
1326,7.33475e-58,0
1327,1.63739e-56,0
1328,2.09049e-82,3.04658e-39
1329,9.59285e-83,2.74457e-38
1330,3.0065e-79,0
1331,1.14783e-79,0
1332,0.312019,0
1333,0.0245341,0
1334,0.0629563,1.4447e-51
1335,0.00411497,1.27565e-50
1336,4.50752e-25,1.40536e-48
1337,7.93285e-26,2.71381e-48
1338,4.40542e-23,0
1339,5.09974e-24,0
1340,3.37317e-24,0
1341,1.25367e-24,0
1342,0,0
1343,0,0
1344,0,0
1345,0,0
1346,4.30001e-109,1.78378e-11
1347,1.95688e-108,4.19143e-13
1348,8.80429e-112,3.96941e-10
1349,6.05628e-112,1.45317e-10
1350,1.36186e-112,1.29094e-50
1351,5.56797e-113,1.78426e-50
1352,0,0
1353,0,0
1354,0,3.7857e-91
1355,0,7.69777e-91
1356,5.76646e-108,5.4553e-41
1357,-2.2794e-109,4.63379e-41
1358,1.19205e-87,5.91308e-53
1359,8.96271e-88,1.40727e-51
1360,4.71067e-90,6.72221e-45
1361,2.69314e-90,1.45544e-44
1362,1.1513e-63,1.63857e-46
1363,6.44998e-62,8.46098e-47
1364,4.13401e-62,0
1365,2.10913e-61,0
1366,-4.14356e-64,1.72723e-48
1367,4.30793e-63,4.88638e-48
1368,1.34297e-66,6.52863e-46
1369,1.18234e-66,1.04306e-45
1370,3.25986e-84,0
1371,1.09239e-84,0
1372,0,9.48686e-15
1373,0,-5.8585e-16
1374,1.86575e-58,0
1375,5.71726e-59,0
1376,3.08697e-60,0
1377,3.12963e-61,0
1378,2.46539e-61,0
1379,-5.9183e-62,0
1380,0,0
1381,0,0
1382,0,0
1383,0,0
1384,0,0
1385,0,0
1386,0,0
1387,0,0
1388,0,0
1389,0,0
1390,0,1.70116e-26
1391,0,3.5183e-26
1392,0,3.18813e-25
1393,0,5.48809e-25
1394,8.04977e-58,1.90954e-27
1395,1.20685e-58,5.40436e-27
1396,9.66765e-05,0
1397,-3.24139e-05,0
1398,7.18326e-06,1.11861e-08
1399,-2.32688e-06,1.1929e-08
1400,1.61089e-05,1.17015e-07
1401,-7.25246e-06,8.81443e-08
1402,5.60503e-07,4.07105e-10
1403,-2.48766e-07,4.30928e-10
1404,3.73894e-61,2.82304e-09
1405,2.08934e-59,2.59722e-09
1406,1.65332e-59,1.32105e-13
1407,8.78855e-59,6.79378e-13
1408,0,5.05658e-15
1409,0,1.62602e-14
1410,0,1.84004e-15
1411,0,1.14441e-14
1412,0,3.0405e-14
1413,0,7.87946e-13
1414,0,0
1415,0,0
1416,0,0
1417,0,0
1418,0,0
1419,0,0
1420,0,0
1421,0,0
1422,0,2.82988e-07
1423,0,1.83512e-07
1424,0,1.5196e-29
1425,0,4.7011e-29
1426,2.2282e-72,2.59004e-29
1427,4.92743e-72,1.34984e-28
1428,1.31199e-71,1.61889e-54
1429,7.65719e-72,5.65142e-55
1430,0,1.94637e-31
1431,0,7.79452e-31
1432,0,1.00124e-06
1433,0,1.09671e-06
1434,5.11516e-80,0
1435,1.72057e-81,0
1436,3.90813e-77,0
1437,6.58567e-78,0
1438,2.52139e-77,1.50904e-53
1439,6.60737e-79,3.42998e-53
1440,2.56964e-49,2.05968e-51
1441,2.92304e-49,5.58067e-51
1442,3.67871e-47,0
1443,9.91118e-47,0
1444,3.44978e-07,3.52262e-49
1445,1.34614e-07,1.155e-48
1446,8.0066e-09,7.11884e-64
1447,8.62026e-09,1.7537e-63
1448,1.32573e-07,5.21354e-16
1449,1.05006e-07,-1.42565e-16
1450,2.02485e-74,8.15237e-17
1451,-1.20037e-74,-1.86156e-18
1452,0.648622,6.72923e-18
1453,0.397973,-1.01378e-18
1454,1.00238,1.11268e-17
1455,0.660139,1.58025e-18
1456,0,0
1457,0,0
1458,0,0
1459,0,0
1460,0,0
1461,0,0
1462,2.98201e-23,0
1463,7.43938e-24,0
1464,0,0
1465,0,0
1466,2.62524e-71,0
1467,4.83912e-72,0
1468,2.78394e-26,1.66864e-38
1469,1.42088e-26,7.27023e-39
1470,0,5.37875e-38
1471,0,9.45173e-38
1472,4.52513e-74,-2.86383e-41
1473,1.96156e-74,2.62002e-39
1474,0,9.79472e-41
1475,0,8.39325e-41
1476,0,1.07828e-48
1477,0,2.91606e-48
1478,0,1.87168e-37
1479,0,1.82767e-37
1480,1.15336e-59,4.6422e-37
1481,4.00458e-60,1.49191e-36
1482,4.08209e-49,0
1483,5.72197e-49,0
1484,3.11156e-50,0
1485,1.88041e-50,0
1486,0,0
1487,0,0
1488,0,0
1489,0,0
1490,0,0
1491,0,0
1492,0,0
1493,0,0
1494,0,0
1495,0,0
1496,0,9.48012e-11
1497,0,-2.43216e-11
1498,0,4.59334e-12
1499,0,-1.0154e-13
1500,0,2.0789e-10
1501,0,-2.05029e-11
1502,0,4.43447e-56
1503,0,4.20749e-56
1504,0,1.96874e-58
1505,0,1.76051e-58
1506,2.93692e-59,2.79223e-59
1507,1.19067e-60,1.94557e-59
1508,4.65667e-60,1.17263e-06
1509,5.66145e-61,9.03413e-07
1510,4.26673e-60,1.36325e-05
1511,4.09285e-61,1.70683e-05
1512,7.12015e-52,1.43039e-16
1513,3.17957e-52,1.12665e-16
1514,9.21956e-55,0
1515,1.08412e-54,0
1516,2.49471e-54,0
1517,3.41687e-54,0
1518,0.524754,0
1519,0.130126,0
1520,6.20145e-63,0
1521,9.79461e-64,0
1522,8.90722e-63,7.49274e-44
1523,8.25995e-64,2.31484e-43
1524,0,3.0954e-42
1525,0,6.64323e-42
1526,0,1.18099e-41
1527,0,2.49832e-41
1528,0,2.47477e-42
1529,0,8.76648e-42
1530,0,0
1531,0,0
1532,6.55363e-52,0
1533,1.35371e-53,0
1534,2.6703e-53,0
1535,-3.89439e-55,0
1536,1.53541e-50,0
1537,-9.09828e-52,0
1538,0,1.3393e-63
1539,0,4.76157e-65
1540,1.13284e-56,0
1541,2.30759e-56,0
1542,1.38713e-52,7.24012e-69
1543,6.072e-54,2.38419e-68
1544,0.0098013,9.19633e-66
1545,0.00115901,1.67655e-65
1546,0.00742794,0
1547,-0.00144277,0
1548,3.93057e-55,0
1549,6.80859e-57,0
1550,0,0
1551,0,0
1552,0,7.36729e-45
1553,0,2.1105e-44
1554,0,5.56608e-15
1555,0,-1.01715e-16
1556,0,1.89613e-50
1557,0,5.76511e-50
1558,-8.03976e-62,0
1559,1.67493e-60,0
1560,1.38443e-63,0
1561,1.55061e-63,0
1562,0,0
1563,0,0
1564,0,0
1565,0,0
1566,0,1.84138e-44
1567,0,1.43187e-44
1568,0,0
1569,0,0
1570,0,0
1571,0,0
1572,0,0
1573,0,0
1574,0,4.42431e-05
1575,0,2.09246e-05
1576,0,1.49013e-14
1577,0,4.3753e-15
1578,0,0
1579,0,0
1580,9.66687e-73,0
1581,2.722e-73,0
1582,9.43653e-76,2.5618e-21
1583,-9.19189e-77,-1.32135e-22
1584,1.48265e-75,1.68575e-11
1585,5.85221e-76,-9.179e-12
1586,6.78957e-05,0
1587,-1.81235e-05,0
1588,1.75003e-74,1.47045e-11
1589,4.63359e-75,1.0247e-11
1590,2.49506e-06,2.72762e-19
1591,-1.08371e-06,5.52713e-20
1592,7.51487e-73,0
1593,-2.20201e-74,0
1594,3.89173e-59,0
1595,6.5597e-58,0
1596,1.21321e-57,0
1597,8.25197e-57,0
1598,5.37207e-49,0
1599,2.41856e-49,0
1600,2.38005e-51,6.58926e-69
1601,9.13793e-52,6.10102e-69
1602,1.64018e-51,7.04725e-72
1603,1.01162e-51,7.55768e-72
1604,0,1.48151e-68
1605,0,1.80588e-68
1606,0,5.57068e-48
1607,0,8.1945e-48
1608,0,4.11824e-48
1609,0,8.14941e-48
1610,1.45923e-12,0
1611,1.71796e-12,0
1612,2.74668e-14,0
1613,2.71638e-14,0
1614,2.39719e-13,0
1615,2.63573e-13,0
1616,0,0
1617,0,0
1618,0,0
1619,0,0
1620,4.17395e-54,8.84778e-12
1621,1.5487e-53,4.66942e-11
1622,1.19816e-51,1.41671e-11
1623,2.75914e-51,6.25744e-11
1624,2.0433e-54,4.45496e-13
1625,5.75005e-54,1.05832e-12
1626,3.16555e-49,0
1627,9.9164e-49,0
1628,0,0
1629,0,0
1630,0.0827164,0
1631,0.0287282,0
1632,0.0509158,0
1633,0.0058714,0
1634,0,0
1635,0,0
1636,9.65968e-116,0
1637,2.87398e-116,0
1638,6.03566e-117,0
1639,3.0239e-117,0
1640,0,0
1641,0,0
1642,0,0
1643,0,0
1644,0,8.28263e-46
1645,0,1.69663e-45
1646,0,3.28296e-05
1647,0,3.24931e-05
1648,3.01411e-86,7.95559e-07
1649,-1.37048e-87,1.90819e-06
1650,3.22252e-83,1.53101e-06
1651,2.55591e-84,3.36058e-06
1652,1.66884e-83,3.15045e-05
1653,2.03698e-85,9.04144e-05
1654,0,0
1655,0,0
1656,0,0
1657,0,0
1658,0,0
1659,0,0
1660,0,2.09292e-71
1661,0,3.01985e-71
1662,1.68506e-80,2.13216e-69
1663,-4.2305e-81,6.26645e-69
1664,0,-1.7252e-71
1665,0,5.2764e-71
1666,0,2.90132e-75
1667,0,3.24346e-74
1668,0,2.47703e-74
1669,0,3.29006e-74
1670,0,6.37575e-40
1671,0,1.5263e-39
1672,0.000865016,1.67614e-39
1673,8.10276e-07,2.39355e-39
1674,3.53455e-52,0
1675,9.8177e-52,0
1676,1.29081e-54,0
1677,2.48123e-54,0
1678,0.00656921,0
1679,0.0019072,0
1680,0.0034685,0
1681,0.000475413,0
1682,0.0964601,1.34094e-37
1683,0.0736111,3.06191e-37
1684,0,0.000918883
1685,0,0.00171976
1686,0,0.000134361
1687,0,0.00024044
1688,0,0
1689,0,0
1690,0,0
1691,0,0
1692,0,0
1693,0,0
1694,5.73297e-61,0
1695,7.43976e-61,0
1696,1.01753e-92,0
1697,-1.19998e-93,0
1698,1.53774e-89,0
1699,-2.32787e-93,0
1700,6.31463e-90,0
1701,7.76424e-92,0
1702,0,1.87251e-19
1703,0,1.53714e-21
1704,0,1.02632e-18
1705,0,-1.23605e-19
1706,0,0
1707,0,0
1708,0,1.13388e-17
1709,0,-1.96412e-19
1710,0,0
1711,0,0
1712,8.54399e-87,3.36198e-18
1713,-2.11861e-87,-6.44888e-19
1714,0,0
1715,0,0
1716,7.77091e-111,0
1717,3.75921e-111,0
1718,1.36712e-111,0
1719,7.35733e-112,0
1720,4.23997e-115,0
1721,4.51851e-115,0
1722,6.65478e-12,1.73157e-10
1723,3.1283e-12,1.57718e-10
1724,4.84315e-10,9.47146e-09
1725,9.24845e-11,6.59197e-09
1726,1.50454e-11,0
1727,3.81183e-12,0
1728,3.52882e-06,0
1729,-8.21911e-08,0
1730,8.01909e-05,1.08415e-13
1731,2.07901e-05,-2.88926e-15
1732,4.30552e-117,2.55406e-13
1733,4.76661e-116,1.21534e-14
1734,1.48304e-44,9.76693e-45
1735,1.88225e-45,2.85871e-44
1736,8.18886e-46,7.41097e-72
1737,1.40324e-45,3.57272e-71
1738,5.3892e-47,5.93085e-72
1739,-9.08278e-49,4.13798e-71
1740,1.76799e-58,1.54792e-75
1741,3.92828e-58,2.96592e-74
1742,-9.47357e-57,3.17183e-56
1743,2.68558e-55,7.95925e-56
1744,0,0
1745,0,0
1746,0,5.3955e-58
1747,0,7.49714e-58
1748,0,0.000213645
1749,0,0.000242113
1750,0,0.00196843
1751,0,0.00237065
1752,0,0.0168539
1753,0,0.0229245
1754,0,0
1755,0,0
1756,8.29342e-06,0
1757,-1.69533e-07,0
1758,0.000186182,0
1759,-2.04644e-05,0
1760,1.20212e-07,0
1761,-1.85485e-08,0
1762,1.26509e-49,1.87254e-19
1763,4.3201e-49,1.45721e-20
1764,3.71483e-21,0
1765,1.05472e-21,0
1766,2.52486e-20,0
1767,1.55973e-20,0
1768,3.27611e-22,0
1769,7.11322e-23,0
1770,0.0131121,0
1771,0.00617503,0
1772,0,0
1773,0,0
1774,0,0
1775,0,0
1776,0,8.26794e-33
1777,0,1.55993e-32
1778,2.74906e-106,5.01193e-34
1779,1.53956e-106,3.96192e-33
1780,5.15037e-107,5.42474e-35
1781,3.51165e-107,1.29047e-34
1782,3.24721e-110,4.63077e-33
1783,3.57193e-110,7.86391e-33
1784,6.64181e-112,1.00453e-30
1785,4.03665e-111,2.433e-30
1786,0,1.25058e-31
1787,0,3.09964e-31
1788,4.49471e-49,9.75704e-24
1789,1.10124e-49,6.33317e-23
1790,1.83354e-49,4.1426e-23
1791,1.39854e-50,2.04615e-22
1792,6.68966e-50,1.11423e-21
1793,1.3891e-49,7.52795e-21
1794,1.1916e-52,1.52115e-25
1795,1.21905e-52,1.42629e-24
1796,3.61933e-47,1.37442e-28
1797,1.27638e-46,2.81958e-28
1798,0.000918392,1.51948e-44
1799,0.000370176,4.71509e-44
1800,0.000282634,2.96868e-43
1801,7.84868e-05,4.15022e-43
1802,0.0121834,3.49212e-42
1803,0.0105139,1.01617e-41
1804,0,1.88184e-09
1805,0,2.57784e-09
1806,0,8.26102e-10
1807,0,3.13114e-09
1808,0,5.25149e-08
1809,0,1.0846e-07
1810,0,1.7743e-08
1811,0,9.19716e-08
1812,0,0
1813,0,0
1814,0,0
1815,0,0
1816,3.77644e-61,0
1817,6.94327e-61,0
1818,1.9861e-54,-1.85051e-25
1819,1.48526e-54,8.11848e-25
1820,1.01826e-52,0
1821,7.07545e-53,0
1822,1.97428e-54,0
1823,1.30545e-54,0
1824,0,0
1825,0,0
1826,8.3872e-107,0
1827,-1.71226e-107,0
1828,3.58838e-103,0
1829,-1.32136e-104,0
1830,9.11945e-104,0
1831,1.90785e-105,0
1832,2.98492e-100,6.80075e-35
1833,-7.45623e-101,5.41639e-35
1834,0,-1.38772e-65
1835,0,3.22336e-65
1836,2.97408e-68,1.10281e-66
1837,3.3521e-68,3.00221e-66
1838,7.37187e-71,2.29227e-64
1839,7.72456e-71,1.21e-63
1840,2.29904e-68,1.14673e-66
1841,2.14307e-68,3.42874e-66
1842,1.57124e-99,2.41827e-35
1843,-2.66968e-100,3.56783e-35
1844,2.74994e-07,3.02009e-11
1845,-3.6226e-08,6.00196e-11
1846,3.67127e-96,5.79119e-10
1847,-6.59288e-98,2.26754e-09
1848,1.2166e-96,0
1849,1.50298e-98,0
1850,9.23345e-66,0
1851,3.69118e-66,0
1852,4.79504e-58,5.06675e-38
1853,3.29216e-58,1.29722e-38
1854,2.16893e-55,0
1855,1.90337e-55,0
1856,0,2.06916e-12
1857,0,-5.17936e-13
1858,0,3.73787e-13
1859,0,-2.00287e-13
1860,0,7.2366e-38
1861,0,7.49836e-37
1862,0,3.47116e-44
1863,0,8.29403e-44
1864,0,0
1865,0,0
1866,3.86604e-07,0
1867,5.28183e-08,0
1868,1.12233e-05,0
1869,-9.78478e-07,0
1870,8.50655e-09,0
1871,-1.6365e-09,0
1872,2.39131e-47,0
1873,5.34622e-47,0
1874,3.79707e-61,1.107e-71
1875,8.71023e-61,3.15672e-71
1876,2.79964e-61,0
1877,5.35531e-61,0
1878,1.18922e-58,5.83163e-57
1879,2.08193e-58,2.59642e-57
1880,0,1.13899e-72
1881,0,1.25567e-72
1882,0,1.84825e-72
1883,0,2.04647e-72
1884,0,0
1885,0,0
1886,0.00169577,0
1887,0.00106798,0
1888,0,0
1889,0,0
1890,0,1.10639e-09
1891,0,1.40468e-10
1892,0,2.81008e-11
1893,0,1.07518e-12
1894,0,6.80933e-25
1895,0,1.76062e-25
1896,0,0
1897,0,0
1898,0,0
1899,0,0
1900,0,0
1901,0,0
1902,0,-1.78275e-63
1903,0,1.94092e-62
1904,0,2.12908e-61
1905,0,4.86799e-61
1906,2.34893e-93,2.57169e-60
1907,-5.84381e-94,1.23993e-59
1908,-1.49652e-48,6.60896e-59
1909,3.18817e-48,2.03544e-58
1910,0,0
1911,0,0
1912,0,0
1913,0,0
1914,7.76059e-102,0
1915,4.04097e-102,0
1916,1.16096e-102,3.02981e-14
1917,8.60517e-103,-6.11937e-15
1918,1.8506e-105,3.35563e-15
1919,1.43459e-105,-7.68943e-17
1920,0.000126954,1.1116e-14
1921,7.36394e-05,-6.33201e-15
1922,2.73702e-107,8.49785e-11
1923,1.46984e-106,9.8107e-11
1924,9.99737e-43,1.67073e-72
1925,6.0904e-44,4.36289e-73
1926,5.85047e-45,0
1927,-3.22118e-45,0
1928,0,0
1929,0,0
1930,5.62629e-115,0
1931,-1.4105e-115,0
1932,8.93272e-111,1.72482e-45
1933,-2.15096e-112,1.59485e-45
1934,2.05615e-111,0
1935,3.5825e-112,0
1936,0,2.31904e-31
1937,0,1.82571e-30
1938,1.08452e-107,8.92104e-31
1939,-2.31196e-108,1.00978e-30
1940,2.02953e-95,0
1941,1.21163e-95,0
1942,2.48722e-98,0
1943,1.41767e-98,0
1944,1.12973e-98,0
1945,8.8205e-99,0
1946,0,0
1947,0,0
1948,0,-1.81914e-37
1949,0,2.30476e-35
1950,3.59292e-102,1.12202e-35
1951,4.39753e-102,2.23635e-35
1952,0,1.97055e-36
1953,0,5.19502e-36
1954,0,0
1955,0,0
1956,0,0
1957,0,0
1958,0,0
1959,0,0
1960,0,3.03557e-74
1961,0,6.06002e-74
1962,0,1.33201e-75
1963,0,2.15877e-75
1964,0,0
1965,0,0
1966,0,0
1967,0,0
1968,0,0
1969,0,0
1970,0,0
1971,0,0
1972,0,0
1973,0,0
1974,6.19928e-23,8.00457e-37
1975,1.91609e-23,7.37081e-37
1976,9.40891e-21,5.94012e-16
1977,-1.5442e-21,1.97206e-16
1978,0,3.46923e-61
1979,0,2.65249e-61
1980,1.47361e-11,8.991e-64
1981,1.99129e-11,4.912e-64
1982,3.21681e-06,2.50202e-16
1983,1.85235e-06,-2.62781e-16
1984,3.4786e-07,2.37911e-66
1985,2.45009e-07,2.58659e-66
1986,1.61868e-82,2.96227e-68
1987,1.29798e-82,5.89623e-68
1988,2.37831e-79,1.27975e-56
1989,4.72835e-80,1.07673e-56
1990,2.907e-82,0
1991,1.14031e-82,0
1992,0,0
1993,0,0
1994,0,0
1995,0,0
1996,0,0
1997,0,0
1998,0,1.02304e-46
1999,0,1.2182e-46
2000,0,0
2001,0,0
2002,3.32591e-80,9.63208e-34
2003,4.85981e-80,1.60077e-33
2004,0,1.13937e-32
2005,0,3.06591e-32
2006,0,2.00269e-34
2007,0,6.42797e-34
2008,0,0
2009,0,0
2010,0,0
2011,0,0
2012,3.50506e-60,0
2013,3.71295e-60,0
2014,0,0
2015,0,0
2016,0,0
2017,0,0
2018,0,0
2019,0,0
2020,4.14649e-09,0
2021,5.70487e-09,0
2022,4.79229e-08,0
2023,5.42118e-08,0
2024,3.61568e-09,0
2025,3.37229e-09,0
2026,0,8.33875e-78
2027,0,2.02109e-77
2028,0,3.25696e-78
2029,0,5.40898e-78
2030,0,2.51361e-17
2031,0,1.5151e-16
2032,0,0
2033,0,0
2034,1.03168e-83,0
2035,1.25695e-83,0
2036,6.05448e-81,0
2037,7.71271e-81,0
2038,8.02609e-81,0
2039,8.49595e-81,0
2040,6.50548e-78,0
2041,1.05373e-77,0
2042,4.41551e-78,-3.27513e-32
2043,4.54414e-78,1.29112e-30
2044,2.64683e-108,2.902e-32
2045,9.43675e-109,8.60919e-32
2046,4.40766e-112,3.61392e-30
2047,2.10371e-112,8.20173e-30
2048,1.94381e-111,6.78853e-29
2049,-2.46817e-113,1.28497e-28
2050,4.88478e-28,1.8738e-32
2051,1.24927e-27,6.64037e-32
2052,4.1495e-28,3.27726e-54
2053,1.2528e-27,1.82893e-54
2054,4.76744e-26,0
2055,1.06754e-25,0
2056,3.55254e-115,4.01676e-54
2057,3.40585e-116,-1.72478e-55
2058,6.64902e-111,7.26539e-18
2059,-7.56694e-112,2.57713e-17
2060,6.98912e-112,0
2061,-3.86666e-113,0
2062,-3.77068e-27,8.00212e-45
2063,1.82403e-25,7.07649e-46
2064,0,0
2065,0,0
2066,0,1.33496e-104
2067,0,3.71978e-105
2068,0,8.67381e-101
2069,0,4.06682e-101
2070,0,1.1914e-90
2071,0,3.3547e-91
2072,0,1.71397e-87
2073,0,6.27003e-88
2074,0,0
2075,0,0
2076,0,1.02019e-80
2077,0,2.89338e-81
2078,1.23531e-09,0
2079,1.56891e-09,0
2080,4.47139e-08,4.11384e-71
2081,5.72957e-08,5.52342e-71
2082,-1.57821e-25,5.29845e-59
2083,1.58368e-23,2.41124e-59
2084,1.95727e-11,5.36089e-60
2085,8.63895e-12,1.39911e-60
2086,1.04812e-11,1.98624e-75
2087,5.0856e-12,3.36727e-75
2088,3.1457e-10,1.62897e-61
2089,7.55455e-11,1.5455e-61
2090,9.24521e-100,5.31133e-63
2091,1.09865e-100,3.95016e-63
2092,3.06658e-96,1.07935e-65
2093,-2.56276e-97,1.43927e-65
2094,3.19583e-97,1.0373e-38
2095,-1.49941e-98,-4.13286e-39
2096,0,9.1778e-38
2097,0,4.03826e-38
2098,0,8.59998e-40
2099,0,3.14458e-40
2100,0,5.67441e-43
2101,0,1.19027e-43
2102,2.19346e-70,2.01824e-42
2103,1.58119e-70,3.09134e-43
2104,0,1.05365e-40
2105,0,3.3477e-41
2106,0,3.00591e-40
2107,0,6.38502e-41
2108,0,0
2109,0,0
2110,1.37222e-67,0
2111,4.33671e-68,0
2112,2.03034e-86,2.06207e-94
2113,2.97546e-87,2.80267e-94
2114,3.41438e-83,0
2115,-3.10247e-84,0
2116,3.39994e-84,0
2117,-1.7289e-85,0
2118,5.76251e-69,1.77256e-55
2119,2.29506e-69,-3.58393e-56
2120,3.56318e-101,2.13257e-78
2121,8.29305e-102,4.98898e-79
2122,1.21615e-104,6.35263e-78
2123,6.02045e-105,4.09117e-78
2124,2.05869e-104,0
2125,1.80421e-105,0
2126,0,0
2127,0,0
2128,8.99416e-114,0
2129,7.91272e-114,0
2130,0,1.74905e-51
2131,0,8.4821e-51
2132,0,2.69843e-51
2133,0,3.66385e-51
2134,0,5.62918e-17
2135,0,6.17624e-17
2136,4.85145e-107,1.61152e-15
2137,6.57586e-108,1.68386e-15
2138,2.80439e-103,3.01066e-17
2139,-2.62894e-104,6.07674e-17
2140,2.94077e-104,1.25703e-18
2141,-1.52273e-105,1.98955e-18
2142,0,0
2143,0,0
2144,0,0
2145,0,0
2146,0,0
2147,0,0
2148,0,0
2149,0,0
2150,0,0
2151,0,0
2152,0,0
2153,0,0
2154,0,0
2155,0,0
2156,0,0
2157,0,0
2158,0,4.41009e-88
2159,0,3.22635e-88
2160,6.30333e-93,4.19972e-88
2161,6.93423e-94,3.93658e-88
2162,1.39567e-89,2.69953e-85
2163,-1.22543e-90,3.05259e-85
2164,1.45786e-90,2.27908e-92
2165,-7.07705e-92,2.5844e-92
2166,2.92845e-08,6.96266e-92
2167,1.7334e-08,6.74517e-92
2168,6.15234e-10,1.57393e-89
2169,7.62465e-10,2.83022e-89
2170,7.86977e-56,0
2171,8.11006e-56,0
2172,0,0
2173,0,0
2174,0,0
2175,0,0
2176,0,4.32755e-96
2177,0,3.74927e-96
2178,3.70866e-80,4.58707e-96
2179,4.50263e-81,6.4538e-96
2180,4.25099e-77,3.33552e-93
2181,-2.95949e-78,6.12255e-93
2182,4.50882e-78,6.36046e-115
2183,-2.18382e-79,2.4061e-115
2184,0,2.6769e-115
2185,0,1.14132e-115
2186,0,0
2187,0,0
2188,0,2.71708e-100
2189,0,1.81758e-100
2190,0,5.08921e-100
2191,0,5.6416e-100
2192,0,2.47945e-97
2193,0,4.57729e-97
2194,0,2.16242e-106
2195,0,1.72684e-106
2196,0,1.61533e-104
2197,0,1.20579e-104
2198,0,3.62379e-103
2199,0,6.21839e-103
2200,0,3.42888e-111
2201,0,2.27399e-111
2202,9.95768e-95,8.71834e-111
2203,6.76367e-95,8.47969e-111
2204,3.36937e-74,8.56784e-108
2205,-1.15228e-75,1.57753e-107
2206,3.04962e-71,0
2207,-1.14293e-72,0
2208,3.61019e-72,4.72352e-116
2209,-1.56581e-73,3.43375e-116
2210,2.48424e-95,3.95938e-115
2211,1.53874e-95,5.97568e-115
2212,0,7.86693e-107
2213,0,3.048e-107
2214,0,3.32473e-107
2215,0,1.39081e-107
2216,0,3.00164e-110
2217,0,8.4297e-111
2218,0,1.37643e-99
2219,0,5.40651e-100
2220,0,5.88685e-100
2221,0,2.45798e-100
2222,5.50473e-13,1.05636e-102
2223,2.36064e-13,3.74252e-103
2224,3.14779e-13,8.24628e-93
2225,1.72527e-13,3.4111e-93
2226,4.14768e-115,3.64616e-93
2227,6.65746e-116,1.50239e-93
2228,2.03943e-68,9.55262e-96
2229,1.14602e-69,4.22625e-96
2230,1.17845e-65,1.82971e-86
2231,1.14775e-67,1.01782e-86
2232,1.85424e-66,1.01221e-86
2233,-8.30652e-68,4.06703e-87
2234,5.56911e-111,3.07184e-89
2235,1.09111e-111,1.51025e-89
2236,0,1.20756e-80
2237,0,1.53382e-80
2238,0,1.21059e-80
2239,0,3.85883e-81
2240,0,3.99847e-83
2241,0,8.99633e-84
2242,1.78061e-86,0
2243,3.30336e-87,0
2244,5.67253e-63,0
2245,-1.25415e-63,0
2246,2.22988e-60,1.63473e-34
2247,1.58381e-61,8.86299e-35
2248,6.08228e-61,2.19993e-36
2249,-1.68984e-62,5.2161e-37
2250,1.37921e-77,1.36447e-36
2251,3.22824e-78,1.56461e-37
2252,0,4.53736e-73
2253,0,-1.09391e-73
2254,0,2.5436e-72
2255,0,3.69061e-74
2256,0,0
2257,0,0
2258,0,0
2259,0,0
2260,0,0
2261,0,0
2262,0,0
2263,0,0
2264,0,0
2265,0,0
2266,1.77785e-83,4.57069e-111
2267,4.21822e-84,1.30352e-111
2268,3.67591e-58,8.69299e-70
2269,-1.37014e-58,-4.61166e-70
2270,7.24464e-61,0
2271,2.70311e-61,0
2272,1.64048e-112,0
2273,1.03103e-112,0
2274,1.08327e-56,0
2275,4.50983e-57,0
2276,4.63264e-115,0
2277,2.34163e-115,0
2278,6.97025e-64,2.28885e-57
2279,8.15922e-65,2.30383e-58
2280,2.60338e-61,4.00922e-59
2281,-4.69722e-62,4.85797e-59
2282,2.55745e-63,8.82426e-60
2283,3.8546e-63,1.1217e-60
2284,6.34181e-99,1.3549e-57
2285,5.71166e-99,9.63869e-59
2286,0,0
2287,0,0
2288,0,1.08281e-55
2289,0,3.25492e-56
2290,0,2.49704e-55
2291,0,4.74346e-56
2292,2.33622e-13,0
2293,2.67695e-13,0
2294,5.24305e-13,0
2295,1.21808e-13,0
2296,6.55127e-12,4.0132e-53
2297,5.33787e-12,1.37867e-53
2298,2.74112e-11,2.67408e-52
2299,3.35821e-11,6.49082e-53
2300,0,8.17067e-55
2301,0,2.72331e-55
2302,0,0
2303,0,0
2304,0,5.56662e-64
2305,0,5.06308e-64
2306,0,9.23653e-62
2307,0,9.15817e-62
2308,1.7513e-99,1.56839e-61
2309,1.55424e-99,2.45895e-61
2310,5.39567e-107,0
2311,8.44701e-108,0
2312,1.06665e-12,0
2313,-6.31201e-14,0
2314,8.884e-14,0
2315,3.99665e-14,0
2316,3.89237e-14,2.42733e-91
2317,9.58708e-15,-6.89438e-92
2318,5.55647e-13,4.41918e-75
2319,1.35819e-13,1.47699e-75
2320,0,1.64471e-52
2321,0,6.35782e-53
2322,0,7.13627e-51
2323,0,1.01726e-50
2324,0,0
2325,0,0
2326,0,0
2327,0,0
2328,2.15171e-103,0
2329,4.34869e-104,0
2330,9.76507e-100,0
2331,1.60834e-100,0
2332,6.66715e-50,1.07212e-38
2333,3.6851e-49,3.59818e-39
2334,-6.09455e-52,5.50096e-41
2335,7.92149e-51,1.34779e-42
2336,3.32024e-52,0
2337,1.16268e-51,0
2338,1.67517e-54,0
2339,1.92157e-53,0
2340,0,0
2341,0,0
2342,0,1.75892e-66
2343,0,1.18796e-66
2344,0,3.80451e-69
2345,0,4.06659e-69
2346,2.14671e-96,7.69243e-69
2347,4.35727e-97,5.17679e-69
2348,3.93445e-103,0
2349,3.469e-103,0
2350,1.25691e-103,0
2351,7.29734e-104,0
2352,0,2.76667e-87
2353,0,3.1292e-87
2354,0,0
2355,0,0
2356,0,2.4974e-68
2357,0,1.6997e-68
2358,1.76983e-107,2.88572e-50
2359,1.18159e-107,1.57549e-51
2360,2.19781e-108,7.21197e-48
2361,5.48608e-109,1.43472e-48
2362,6.09372e-93,1.8475e-40
2363,1.04608e-93,1.59699e-40
2364,3.98665e-14,0
2365,-3.61452e-15,0
2366,7.4155e-16,0
2367,3.38688e-16,0
2368,2.08978e-15,3.70254e-37
2369,6.03152e-16,8.67415e-38
2370,0,1.6026e-35
2371,0,2.19087e-36
2372,0,8.68912e-47
2373,0,1.45807e-46
2374,0,4.90834e-47
2375,0,1.44253e-46
2376,0,1.16521e-44
2377,0,2.41639e-44
2378,8.86124e-90,0
2379,1.90085e-90,0
2380,2.21095e-49,4.01618e-36
2381,6.6199e-50,3.0774e-37
2382,3.78076e-49,0
2383,2.74105e-49,0
2384,8.98752e-47,0
2385,4.88452e-47,0
2386,0,0
2387,0,0
2388,0,4.76407e-59
2389,0,5.00855e-60
2390,0,8.08006e-68
2391,0,1.51354e-67
2392,0,1.14039e-35
2393,0,1.08948e-35
2394,3.31542e-17,0
2395,9.50631e-18,0
2396,4.2204e-18,3.09539e-21
2397,3.64713e-19,1.90341e-20
2398,2.86358e-16,0
2399,-3.39851e-17,0
2400,1.68673e-16,0
2401,1.34546e-17,0
2402,0,0
2403,0,0
2404,0,0
2405,0,0
2406,0,0
2407,0,0
2408,0,8.23708e-99
2409,0,9.29359e-99
2410,9.94471e-25,1.67108e-80
2411,2.75729e-25,3.29054e-80
2412,1.62805e-24,4.04503e-78
2413,2.93958e-25,5.62209e-78
2414,1.37319e-26,0
2415,2.95655e-27,0
2416,1.71919e-26,1.13382e-28
2417,-9.03592e-27,-2.53299e-29
2418,0,1.37888e-18
2419,0,4.2607e-19
2420,0,0
2421,0,0
2422,0,0
2423,0,0
2424,-4.73017e-63,5.6701e-16
2425,1.2065e-62,3.75467e-16
2426,5.03998e-63,0
2427,1.40894e-62,0
2428,9.11674e-66,0
2429,3.15371e-65,0
2430,3.71865e-63,7.28587e-24
2431,5.56076e-63,7.33276e-25
2432,0,3.84547e-71
2433,0,3.93084e-71
2434,0,0
2435,0,0
2436,0,9.92352e-89
2437,0,1.20839e-88
2438,0,4.20821e-111
2439,0,3.63403e-111
2440,7.79183e-72,1.02853e-96
2441,1.13076e-71,1.428e-96
2442,3.27464e-75,1.57629e-96
2443,1.37863e-74,1.35561e-96
2444,4.22845e-74,4.67937e-107
2445,7.18493e-74,6.27777e-107
2446,2.35273e-71,0
2447,5.13558e-71,0
2448,1.50747e-17,9.40467e-84
2449,-1.78061e-18,8.11501e-84
2450,3.06221e-16,9.14453e-11
2451,1.16865e-16,1.1721e-10
2452,5.87791e-18,7.49013e-93
2453,4.12806e-19,1.12984e-92
2454,0,1.59892e-103
2455,0,1.37532e-103
2456,0,4.29726e-101
2457,0,5.33487e-101
2458,0,6.23463e-90
2459,0,5.3135e-90
2460,2.94349e-12,0
2461,2.50247e-12,0
2462,8.23215e-11,5.4523e-112
2463,5.59102e-11,6.69067e-112
2464,1.80161e-12,0
2465,1.75496e-12,0
2466,5.6033e-14,2.85241e-35
2467,6.03456e-14,5.14557e-35
2468,0,2.32398e-78
2469,0,9.69909e-80
2470,0,0
2471,0,0
2472,0,9.04445e-18
2473,0,3.00886e-18
2474,0,-2.88764e-60
2475,0,5.6859e-60
2476,0,1.91369e-77
2477,0,3.70393e-77
2478,6.958e-49,0
2479,3.41497e-49,0
2480,2.43347e-89,2.17942e-37
2481,1.43555e-88,1.39232e-38
2482,3.94481e-87,1.17632e-19
2483,3.79877e-88,1.88965e-18
2484,1.02983e-90,0
2485,1.64396e-91,0
2486,3.98046e-92,1.15356e-14
2487,5.02171e-92,1.80533e-14
2488,1.32643e-41,0
2489,4.83103e-41,0
2490,2.62216e-42,-2.00336e-69
2491,5.52763e-42,3.82619e-68
2492,4.48305e-40,0
2493,1.58316e-39,0
2494,7.86089e-66,2.15542e-29
2495,8.20827e-66,9.61177e-29
2496,2.89879e-63,2.09975e-27
2497,5.24231e-63,1.21155e-26
2498,1.87423e-60,8.53223e-23
2499,4.05351e-60,4.7987e-22
2500,0,0
2501,0,0
2502,0,0
2503,0,0
2504,0,4.88799e-115
2505,0,1.61603e-115
2506,0,8.5598e-62
2507,0,4.6271e-61
2508,0,0
2509,0,0
2510,7.69636e-67,0
2511,4.57014e-67,0
2512,2.21865e-66,0
2513,-3.91404e-67,0
2514,3.46165e-64,0
2515,7.00994e-65,0
2516,0,-2.07496e-58
2517,0,7.34014e-57
2518,0,1.02085e-37
2519,0,-2.63636e-38
2520,0,1.60781e-35
2521,0,-2.85277e-36
2522,0,2.37048e-27
2523,0,1.46433e-26
2524,0,0
2525,0,0
2526,0,1.35515e-92
2527,0,1.02941e-92
2528,0,9.73521e-102
2529,0,3.80312e-102
2530,2.33609e-20,2.99719e-88
2531,-3.46658e-21,1.14992e-88
2532,2.03138e-21,1.09539e-51
2533,2.18358e-22,1.90619e-51
2534,1.04647e-21,1.59858e-104
2535,-4.97743e-22,2.00394e-104
2536,7.70792e-20,3.16037e-82
2537,-5.84133e-21,1.70498e-82
2538,2.71709e-20,2.68039e-12
2539,-2.24157e-21,5.19277e-12
2540,8.30127e-23,0
2541,8.59583e-23,0
2542,5.04814e-22,0
2543,-3.58202e-22,0
2544,0,0
2545,0,0
2546,0,4.25774e-76
2547,0,1.388e-76
2548,3.53075e-64,0
2549,1.54055e-64,0
2550,1.74073e-28,0
2551,-2.73658e-29,0
2552,1.11695e-28,0
2553,1.64758e-29,0
2554,1.17481e-63,0
2555,1.73006e-64,0
2556,1.45317e-67,0
2557,6.47438e-67,0
2558,1.13891e-65,8.16036e-49
2559,1.96938e-65,5.76833e-49
2560,1.60732e-64,0
2561,4.76688e-64,0
2562,7.49469e-49,0
2563,3.85992e-48,0
2564,4.3846e-51,2.75159e-82
2565,9.31095e-51,3.08471e-82
2566,3.79832e-54,-1.43395e-40
2567,2.24417e-53,8.55971e-39
2568,0,1.63528e-76
2569,0,1.13093e-76
2570,0,0
2571,0,0
2572,0,0
2573,0,0
2574,4.57477e-15,0
2575,2.59748e-15,0
2576,7.76803e-14,0
2577,2.39991e-14,0
2578,6.7413e-16,1.04425e-12
2579,5.35991e-16,1.08426e-12
2580,9.75558e-16,2.57655e-57
2581,-1.51068e-16,5.47869e-57
2582,1.89518e-16,3.33112e-85
2583,9.07384e-17,2.85911e-85
2584,7.66225e-15,2.51127e-59
2585,5.96685e-15,4.5008e-59
2586,1.12502e-14,2.15944e-56
2587,4.60901e-15,1.6753e-56
2588,0,-1.79588e-87
2589,0,6.24151e-87
2590,0,2.92239e-109
2591,0,1.1534e-109
2592,0,-6.54446e-100
2593,0,1.80385e-98
2594,0,0
2595,0,0
2596,0,8.42673e-95
2597,0,3.29219e-95
2598,0,5.11295e-82
2599,0,1.93632e-82
2600,0,0
2601,0,0
2602,0,1.90935e-111
2603,0,1.46519e-111
2604,0,0
2605,0,0
2606,0,0
2607,0,0
2608,0,0
2609,0,0
2610,0,9.03756e-71
2611,0,4.56784e-71
2612,0,2.1698e-56
2613,0,9.73899e-56
2614,0,2.43856e-34
2615,0,7.01719e-35
2616,0,1.33585e-36
2617,0,5.00833e-37
2618,0,3.13847e-36
2619,0,2.44516e-37
2620,0,0
2621,0,0
2622,0,0
2623,0,0
2624,0,0
2625,0,0
2626,0,7.20774e-62
2627,0,3.96697e-62
2628,0,5.83191e-18
2629,0,1.144e-17
2630,1.54511e-63,0
2631,2.97346e-63,0
2632,3.75165e-66,4.25157e-60
2633,6.52859e-66,4.58829e-60
2634,1.71308e-95,1.43568e-52
2635,2.04634e-95,8.83185e-52
2636,1.14434e-93,0
2637,3.06209e-94,0
2638,5.82697e-92,5.96542e-71
2639,2.83396e-92,6.80386e-71
2640,6.41939e-99,0
2641,1.64398e-98,0
2642,2.26986e-44,1.14973e-51
2643,5.08946e-44,-2.44501e-53
2644,1.48715e-46,0
2645,3.42311e-46,0
2646,1.39479e-44,0
2647,2.88682e-44,0
2648,3.62853e-42,0
2649,5.70151e-42,0
2650,1.39333e-72,2.81927e-24
2651,3.80625e-73,1.19151e-24
2652,3.83254e-72,2.06124e-22
2653,-1.9522e-73,2.02397e-22
2654,1.18477e-69,4.33868e-23
2655,1.59709e-70,5.00043e-23
2656,5.27901e-70,4.14395e-23
2657,1.25682e-70,9.20284e-25
2658,2.49234e-69,0
2659,5.4503e-70,0
2660,0.00449416,0
2661,-0.0024548,0
2662,0.0272069,0
2663,-0.0160916,0
2664,0,2.44525e-57
2665,0,5.88368e-58
2666,0.000310132,7.32197e-47
2667,-0.000173261,1.98122e-46
2668,0,2.06763e-44
2669,0,2.02199e-45
2670,0,0
2671,0,0
2672,1.52628e-21,0
2673,8.12325e-22,0
2674,0,0
2675,0,0
2676,0,0
2677,0,0
2678,0,0
2679,0,0
2680,0,0
2681,0,0
2682,0,5.39367e-79
2683,0,2.25318e-79
2684,0,7.39758e-82
2685,0,4.87111e-82
2686,0,6.88143e-79
2687,0,7.09208e-79
2688,0,5.112e-81
2689,0,2.32888e-81
2690,0,0
2691,0,0
2692,0,0
2693,0,0
2694,1.43631e-74,0
2695,7.88059e-75,0
2696,0,0
2697,0,0
2698,0,0
2699,0,0
2700,0,0
2701,0,0
2702,0,0
2703,0,0
2704,0,0
2705,0,0
2706,0,0
2707,0,0
2708,1.45002e-64,1.74708e-24
2709,6.68865e-64,5.18588e-24
2710,9.65444e-58,0
2711,2.07713e-57,0
2712,-1.25508e-56,0
2713,4.29615e-55,0
2714,5.40461e-55,0
2715,4.79659e-55,0
2716,3.01457e-56,0
2717,4.3854e-56,0
2718,0,0
2719,0,0
2720,0,6.69063e-48
2721,0,3.22009e-48
2722,0,1.19912e-54
2723,0,2.25497e-54
2724,0,5.67178e-35
2725,0,-1.35413e-36
2726,0,3.59453e-33
2727,0,-5.82292e-34
2728,0,6.17699e-20
2729,0,1.45174e-20
2730,0,0
2731,0,0
2732,6.50609e-80,1.47334e-39
2733,1.93205e-79,-2.93944e-40
2734,2.92284e-78,8.21544e-42
2735,3.26545e-78,7.7288e-43
2736,6.57638e-77,3.65506e-40
2737,1.78676e-76,-6.02109e-41
2738,1.42e-79,0
2739,1.42334e-79,0
2740,0,8.92351e-52
2741,0,-1.3716e-52
2742,0,0
2743,0,0
2744,0,0
2745,0,0
2746,0,0
2747,0,0
2748,8.43835e-30,6.57661e-76
2749,1.10765e-29,-3.53928e-76
2750,4.86027e-28,0
2751,5.12115e-28,0
2752,2.41619e-30,1.21332e-70
2753,4.34789e-30,2.64125e-70
2754,7.22171e-32,1.44739e-71
2755,1.58961e-31,1.33139e-71
2756,0,1.69548e-73
2757,0,3.79449e-73
2758,2.57449e-72,1.60592e-38
2759,3.01501e-72,2.07369e-39
2760,8.74542e-70,3.03727e-36
2761,1.15055e-69,-1.87754e-37
2762,8.67871e-75,5.30009e-90
2763,5.29903e-75,4.18061e-90
2764,2.23944e-74,6.67385e-110
2765,1.21523e-74,-1.94424e-110
2766,1.29551e-71,0
2767,6.19678e-72,0
2768,7.67848e-74,1.34765e-07
2769,7.53849e-74,-5.64803e-08
2770,0,1.67005e-39
2771,0,2.55283e-39
2772,0,2.90789e-102
2773,0,-9.51697e-103
2774,0,7.11774e-39
2775,0,7.46928e-39
2776,2.72563e-54,1.99161e-37
2777,2.27763e-54,3.76041e-37
2778,3.94986e-52,5.06795e-94
2779,2.1108e-52,1.20069e-94
2780,0,0
2781,0,0
2782,5.13359e-38,0
2783,2.40677e-38,0
2784,2.49034e-36,1.05023e-99
2785,9.08656e-37,6.73217e-100
2786,7.67477e-36,3.42331e-95
2787,5.78489e-36,-1.24381e-95
2788,2.19872e-34,0
2789,3.67214e-34,0
2790,0,0
2791,0,0
2792,0,5.4425e-53
2793,0,3.88903e-53
2794,0,0
2795,0,0
2796,0,0
2797,0,0
2798,9.57913e-48,0
2799,6.57744e-48,0
2800,6.67735e-82,5.6187e-24
2801,2.08965e-81,9.09453e-24
2802,4.42556e-35,0
2803,1.4248e-35,0
2804,5.86436e-36,0
2805,2.80578e-36,0
2806,3.80991e-37,0
2807,1.20033e-37,0
2808,4.33952e-50,0
2809,-5.5736e-52,0
2810,1.19804e-85,4.07186e-34
2811,1.05529e-84,2.78587e-36
2812,3.4749e-88,0
2813,8.75376e-88,0
2814,9.31949e-87,2.59765e-26
2815,1.34968e-86,1.88455e-26
2816,1.66129e-49,0
2817,2.52459e-50,0
2818,7.12069e-48,2.98849e-20
2819,2.77214e-50,4.26113e-20
2820,4.39877e-47,1.38422e-19
2821,1.65163e-47,2.99984e-19
2822,5.72008e-90,2.46408e-21
2823,5.34446e-90,3.65439e-21
2824,1.24714e-91,4.42215e-64
2825,2.83402e-91,-2.18745e-64
2826,3.2128e-71,0
2827,5.59248e-72,0
2828,2.52378e-68,0
2829,-3.00319e-69,0
2830,5.47347e-63,1.72255e-88
2831,1.02945e-62,-6.94223e-89
2832,2.80404e-60,3.78706e-104
2833,5.2443e-60,8.54772e-105
2834,6.43774e-62,4.56185e-111
2835,2.45901e-61,1.07382e-111
2836,1.21128e-70,4.42431e-82
2837,-1.6369e-71,-1.97419e-82
2838,4.1823e-58,0
2839,7.58975e-58,0
2840,7.4296e-61,0
2841,1.83448e-60,0
2842,7.07799e-60,0
2843,6.16407e-60,0
2844,9.31825e-34,9.38677e-21
2845,3.56322e-34,3.12258e-20
2846,6.09235e-33,2.11135e-86
2847,2.33719e-33,2.82499e-86
2848,0,0
2849,0,0
2850,0,0
2851,0,0
2852,0,1.17281e-16
2853,0,9.28869e-17
2854,0,3.74282e-23
2855,0,3.26273e-23
2856,0,1.12856e-21
2857,0,4.88867e-21
2858,0,6.08072e-82
2859,0,3.21471e-82
2860,0,1.57494e-82
2861,0,1.95961e-82
2862,2.20529e-36,2.29734e-35
2863,6.79615e-36,4.20242e-35
2864,2.4831e-34,0
2865,7.42727e-34,0
2866,-2.88692e-36,3.23989e-33
2867,5.19919e-35,3.3143e-33
2868,1.75087e-33,0
2869,7.43308e-33,0
2870,0,4.19076e-23
2871,0,2.20802e-23
2872,0,5.65418e-25
2873,0,4.70916e-25
2874,0,0
2875,0,0
2876,0,3.18807e-49
2877,0,4.17221e-49
2878,0,9.96772e-62
2879,0,9.38372e-62
2880,9.26017e-65,0
2881,2.25695e-66,0
2882,2.63316e-62,2.20023e-24
2883,1.16139e-62,5.43575e-24
2884,1.08757e-62,0
2885,-1.39186e-63,0
2886,0,0
2887,0,0
2888,0,0
2889,0,0
2890,0,0
2891,0,0
2892,0,0
2893,0,0
2894,0,0
2895,0,0
2896,0,4.3745e-70
2897,0,9.24331e-70
2898,0,0
2899,0,0
2900,2.27484e-63,0
2901,1.47505e-63,0
2902,5.93903e-61,0
2903,8.86672e-61,0
2904,2.19809e-63,0
2905,1.29913e-63,0
2906,0,0
2907,0,0
2908,1.88353e-109,3.64566e-49
2909,2.05293e-109,9.39422e-49
2910,-4.16237e-112,6.20807e-18
2911,1.50415e-110,2.83894e-18
2912,0,1.80023e-59
2913,0,5.67225e-59
2914,0,1.17564e-62
2915,0,8.93024e-63
2916,0,0
2917,0,0
2918,0,3.21277e-30
2919,0,8.38678e-30
2920,0,5.87738e-75
2921,0,6.1055e-75
2922,0,0
2923,0,0
2924,4.67834e-109,1.93525e-54
2925,4.16264e-109,-4.48639e-56
2926,1.99678e-96,1.16875e-66
2927,6.08999e-97,5.55308e-67
2928,4.52872e-93,1.51891e-69
2929,2.36687e-93,9.90337e-70
2930,0,2.47196e-80
2931,0,2.78971e-80
2932,6.32223e-96,1.91939e-77
2933,2.1939e-96,1.89706e-77
2934,1.31866e-104,1.49332e-77
2935,4.40125e-105,1.29313e-77
2936,1.03058e-105,1.79919e-30
2937,1.40674e-105,1.08504e-30
2938,3.62837e-102,1.07822e-49
2939,5.44979e-102,3.18798e-51
2940,1.69231e-103,0
2941,5.55859e-104,0
2942,6.33751e-100,9.09232e-47
2943,3.34658e-100,3.04539e-47
2944,5.23568e-103,0
2945,1.99221e-103,0
2946,0,0
2947,0,0
2948,0,0
2949,0,0
2950,0,0
2951,0,0
2952,0,0
2953,0,0
2954,0,0
2955,0,0
2956,0,0
2957,0,0
2958,9.11677e-19,4.58908e-46
2959,2.55957e-18,-2.87528e-48
2960,9.6409e-20,1.70256e-48
2961,8.6186e-19,-4.5186e-49
2962,-1.76717e-17,-7.90437e-55
2963,6.96352e-17,3.01496e-54
2964,7.57798e-17,0
2965,9.92826e-17,0
2966,0,0
2967,0,0
2968,0,0
2969,0,0
2970,0,0
2971,0,0
2972,4.75411e-111,0
2973,1.80093e-111,0
2974,2.57834e-107,0
2975,1.17065e-107,0
2976,0,7.44762e-79
2977,0,3.58322e-79
2978,0,0
2979,0,0
2980,0,0
2981,0,0
2982,0,0
2983,0,0
2984,1.79709e-39,0
2985,2.88523e-39,0
2986,1.89387e-37,9.48296e-46
2987,2.84258e-37,9.47203e-47
2988,7.5099e-40,2.39338e-43
2989,2.11413e-39,-3.64999e-45
2990,1.33168e-37,2.33959e-45
2991,2.62226e-37,1.09639e-46
2992,5.20974e-73,2.17818e-48
2993,2.10721e-73,1.87154e-48
2994,6.45847e-115,0
2995,1.03619e-114,0
2996,-4.89007e-117,1.18847e-46
2997,2.0074e-115,1.5836e-46
2998,4.28864e-114,0
2999,4.54806e-114,0
3000,0,0
3001,0,0
3002,0,0
3003,0,0
3004,0,0
3005,0,0
3006,9.34649e-90,4.07268e-55
3007,3.00604e-90,2.81576e-56
3008,1.41983e-86,8.62992e-55
3009,7.0999e-87,3.80634e-56
3010,1.4193e-73,0
3011,1.37013e-73,0
3012,8.83499e-72,2.44019e-51
3013,2.78532e-72,1.75869e-52
3014,2.89235e-89,7.83853e-23
3015,8.65793e-90,1.05277e-22
3016,2.02682e-83,1.16756e-24
3017,8.52835e-84,8.74757e-25
3018,2.10167e-80,0
3019,1.21469e-80,0
3020,6.31711e-83,1.68076e-56
3021,1.46371e-83,1.0136e-56
3022,0,0
3023,0,0
3024,0,0
3025,0,0
3026,0,0
3027,0,0
3028,5.86964e-56,0
3029,3.95811e-56,0
3030,3.77396e-54,0
3031,3.08648e-54,0
3032,1.31796e-56,0
3033,1.04083e-56,0
3034,0,1.35221e-84
3035,0,8.21366e-85
3036,0,0
3037,0,0
3038,0,0
3039,0,0
3040,2.76876e-77,0
3041,2.37618e-78,0
3042,3.65854e-74,0
3043,2.00788e-74,0
3044,1.57462e-58,0
3045,1.47586e-58,0
3046,9.36496e-52,4.87021e-76
3047,9.98079e-52,4.79879e-76
3048,8.68347e-54,0
3049,1.29853e-53,0
3050,1.98495e-51,0
3051,2.3619e-51,0
3052,1.09574e-76,0
3053,2.1372e-77,0
3054,0,0
3055,0,0
3056,0,0
3057,0,0
3058,0,0
3059,0,0
3060,0,0
3061,0,0
3062,0,0
3063,0,0
3064,0,0
3065,0,0
3066,0,3.18002e-24
3067,0,6.28193e-24
3068,2.1722e-47,4.62752e-25
3069,3.25208e-47,1.1464e-24
3070,7.76602e-45,0
3071,8.74493e-45,0
3072,3.21262e-45,5.49848e-17
3073,4.81589e-45,1.84411e-17
3074,0,6.08397e-19
3075,0,5.48619e-19
3076,1.51224e-65,0
3077,1.67203e-66,0
3078,1.10118e-65,3.70215e-76
3079,-2.10411e-66,3.06572e-76
3080,1.30318e-65,4.24835e-80
3081,2.41691e-66,1.70022e-79
3082,1.17116e-74,5.59519e-80
3083,2.87572e-75,2.6381e-79
3084,0,0
3085,0,0
3086,0,7.91148e-82
3087,0,8.34524e-82
3088,0,2.30518e-29
3089,0,3.15524e-29
3090,0,1.20585e-34
3091,0,6.95984e-36
3092,0,0
3093,0,0
3094,5.82564e-108,0
3095,-1.96965e-109,0
3096,0,0
3097,0,0
3098,0,0
3099,0,0
3100,0,5.44001e-34
3101,0,1.52608e-34
3102,0,4.3473e-29
3103,0,5.0814e-30
3104,0,1.5674e-28
3105,0,4.37144e-29
3106,0,0
3107,0,0
3108,0,4.24109e-73
3109,0,3.951e-73
3110,0,2.15239e-61
3111,0,2.90133e-61
3112,0,2.38598e-59
3113,0,4.27162e-59
3114,0,0
3115,0,0
3116,3.00465e-20,0
3117,1.0158e-19,0
3118,7.54486e-69,0
3119,1.89103e-69,0
3120,0,0
3121,0,0
3122,0,3.42615e-38
3123,0,1.4614e-38
3124,0,5.70402e-35
3125,0,3.13902e-35
3126,0,0
3127,0,0
3128,0,0
3129,0,0
3130,0,1.22981e-38
3131,0,5.91837e-39
3132,0,0
3133,0,0
3134,2.28343e-76,8.13724e-34
3135,5.6218e-77,2.13197e-33
3136,4.99271e-84,4.27498e-19
3137,7.02227e-84,3.55844e-19
3138,1.85785e-51,1.08332e-25
3139,2.96067e-52,-9.96901e-27
3140,2.66491e-36,5.46065e-35
3141,6.84694e-37,5.04911e-35
3142,2.98724e-37,2.11935e-46
3143,3.13098e-37,3.75913e-47
3144,1.39231e-38,0
3145,9.62764e-39,0
3146,1.34482e-36,9.27117e-33
3147,1.19074e-36,8.5568e-33
3148,0,9.56965e-31
3149,0,3.69251e-31
3150,0,0
3151,0,0
3152,0,9.4166e-32
3153,0,3.32199e-32
3154,1.12944e-53,0
3155,4.10537e-54,0
3156,5.50385e-56,4.80647e-59
3157,9.92923e-57,1.83836e-59
3158,1.65327e-54,0
3159,-2.1676e-55,0
3160,2.84085e-58,1.85299e-35
3161,6.88951e-59,9.76168e-36
3162,2.6656e-56,1.02478e-69
3163,1.21896e-56,-4.15352e-70
3164,6.90255e-59,0
3165,4.60421e-59,0
3166,4.45431e-39,0
3167,3.21723e-39,0
3168,8.64255e-41,0
3169,6.14424e-41,0
3170,8.04363e-43,1.22597e-43
3171,7.64682e-43,-7.52199e-45
3172,0,6.41497e-41
3173,0,2.96409e-41
3174,0,2.50038e-44
3175,0,4.98344e-45
3176,0,0
3177,0,0
3178,0,1.3517e-53
3179,0,2.32295e-53
3180,0,0
3181,0,0
3182,0,3.89005e-40
3183,0,1.68783e-40
3184,0,0
3185,0,0
3186,0,8.88459e-54
3187,0,1.14715e-53
3188,0,1.58079e-27
3189,0,7.7567e-28
3190,0,5.30433e-44
3191,0,5.72174e-45
3192,0,3.50118e-37
3193,0,2.7311e-37
3194,0,-2.99984e-76
3195,0,9.96025e-76
3196,2.04775e-35,0
3197,4.98749e-35,0
3198,8.76378e-38,0
3199,3.95727e-37,0
3200,-1.40427e-38,1.09507e-77
3201,3.29814e-37,6.12343e-77
3202,9.25243e-36,4.62151e-27
3203,7.79475e-35,1.40671e-27
3204,1.25595e-33,0
3205,3.99836e-33,0
3206,1.44864e-33,0
3207,8.88158e-33,0
3208,0,3.21968e-85
3209,0,1.86778e-85
3210,0,0
3211,0,0
3212,0,0
3213,0,0
3214,7.24458e-54,0
3215,9.34106e-55,0
3216,0,0
3217,0,0
3218,0,1.93104e-51
3219,0,6.74935e-52
3220,0,0
3221,0,0
3222,0,2.94682e-81
3223,0,2.14727e-81
3224,0,1.24368e-52
3225,0,3.67533e-54
3226,2.01607e-31,0
3227,2.95379e-31,0
3228,1.3096e-30,0
3229,1.09308e-30,0
3230,4.09016e-29,0
3231,3.59718e-29,0
3232,8.00897e-31,7.46017e-50
3233,8.18853e-31,3.82575e-50
3234,0,1.36807e-25
3235,0,4.76299e-26
3236,0,5.94259e-59
3237,0,7.59372e-59
3238,0,0
3239,0,0
3240,0,5.24082e-25
3241,0,4.43656e-25
3242,3.08817e-113,4.81348e-76
3243,-4.55639e-115,5.5299e-76
3244,1.07896e-112,5.2053e-51
3245,-2.07156e-113,-2.73132e-51
3246,5.81987e-109,0
3247,-5.94894e-110,0
3248,2.23877e-83,7.04562e-29
3249,2.36667e-83,1.73183e-28
3250,9.44405e-87,3.25453e-53
3251,1.89318e-86,4.10289e-53
3252,1.99742e-85,1.00647e-39
3253,1.39217e-85,3.63558e-40
3254,5.5026e-110,8.86508e-59
3255,1.71008e-110,5.79186e-59
3256,0,0
3257,0,0
3258,0,0
3259,0,0
3260,0,0
3261,0,0
3262,0,0
3263,0,0
3264,0,0
3265,0,0
3266,1.31831e-108,0
3267,-1.21275e-111,0
3268,6.65885e-87,2.46557e-49
3269,6.72478e-87,3.80961e-50
3270,2.2302e-90,0
3271,4.90754e-90,0
3272,1.6481e-89,2.19535e-73
3273,1.81157e-89,1.28192e-72
3274,0,2.26563e-76
3275,0,3.334e-75
3276,0,4.62434e-75
3277,0,1.09443e-74
3278,0,1.09562e-05
3279,0,2.11842e-05
3280,0,5.65622e-07
3281,0,1.56455e-06
3282,0,3.53649e-06
3283,0,9.33903e-06
3284,0,-4.51714e-46
3285,0,6.23387e-45
3286,-9.84127e-60,7.42064e-48
3287,1.31808e-58,4.17862e-47
3288,2.43165e-51,-1.52433e-48
3289,2.53729e-51,2.38772e-47
3290,1.07427e-53,-8.31698e-44
3291,5.72032e-54,1.52291e-42
3292,3.1032e-35,-1.8217e-45
3293,8.08975e-36,9.35398e-45
3294,5.71011e-34,1.47752e-45
3295,-9.04327e-35,5.73982e-45
3296,3.79207e-33,-11.2158
3297,2.17052e-33,1.20852
3298,8.86857e-91,-26.653
3299,5.79265e-91,-12.6428
3300,1.78456e-94,15.4673
3301,4.42411e-94,2.95117
3302,3e-93,1.15059e-60
3303,2.47373e-93,8.99849e-60
3304,2.57562e-33,4.38179e-63
3305,-6.27764e-36,3.03168e-62
3306,3.4074e-114,4.76829e-61
3307,9.59312e-116,2.04541e-60
3308,6.38904e-111,5.87601e-63
3309,-2.86812e-112,7.7194e-62
3310,5.93382e-115,-1.94708e-41
3311,1.32726e-115,4.40509e-40
3312,8.30886e-27,-3.83122e-43
3313,5.97463e-28,3.65564e-42
3314,1.28833e-27,4.89911e-43
3315,-5.14677e-29,1.83399e-42
3316,1.45683e-25,-4.51921e-39
3317,-1.91472e-26,1.12369e-37
3318,3.94224e-27,-7.76899e-41
3319,5.48948e-28,1.09249e-39
3320,2.43333e-96,3.7793e-60
3321,2.01862e-96,1.74543e-59
3322,4.70568e-100,1.05209e-62
3323,9.16775e-100,8.1288e-62
3324,1.75853e-97,1.48377e-40
3325,1.00894e-97,4.78038e-40
3326,6.5352e-34,-9.60529e-37
3327,-7.70269e-37,2.58126e-35
3328,1.03856e-31,-1.18128e-38
3329,3.0759e-32,2.93768e-37
3330,2.94415e-33,3.95e-38
3331,6.57974e-34,1.06474e-37
3332,2.01178e-54,-1.8286e-34
3333,1.12363e-54,5.34562e-33
3334,4.45844e-52,-7.26688e-37
3335,3.82833e-52,7.14828e-35
3336,2.55825e-31,9.40032e-36
3337,-4.39115e-32,2.09189e-35
3338,3.70631e-105,-2.9087e-32
3339,-5.26053e-108,9.96448e-31
3340,1.20171e-104,3.16961e-34
3341,-2.04587e-105,1.57354e-32
3342,2.17886e-101,3.76832e-50
3343,-2.07056e-102,1.72435e-49
3344,2.43364e-102,5.8035e-48
3345,7.56373e-103,1.44062e-47
3346,1.26703e-100,1.42018e-50
3347,8.08134e-101,5.22061e-50
3348,1.32815e-104,3.05257e-45
3349,3.29596e-104,1.32808e-44
3350,3.01905e-103,8.51917e-43
3351,2.29559e-103,3.35298e-42
3352,0,6.22742e-29
3353,0,6.61797e-29
3354,0,4.02768e-31
3355,0,5.54856e-31
3356,0,-7.39599e-30
3357,0,1.6681e-28
3358,4.59529e-101,8.30236e-29
3359,7.38079e-103,6.94442e-29
3360,0,3.63812e-31
3361,0,6.49568e-31
3362,0,2.23328e-40
3363,0,7.92206e-40
3364,0,5.27153e-38
3365,0,1.65559e-37
3366,0,1.12126e-35
3367,0,3.04212e-35
3368,1.03002e-27,2.01302e-33
3369,-1.19519e-28,3.63375e-33
3370,9.28778e-30,2.18844e-33
3371,1.94572e-31,4.854e-33
3372,1.54608e-29,1.43592e-58
3373,-2.53578e-30,3.94741e-58
3374,0,2.80197e-60
3375,0,1.74917e-58
3376,0,9.5628e-24
3377,0,1.87061e-23
3378,4.23975e-43,1.07825e-25
3379,3.63042e-43,2.36546e-25
3380,2.01821e-45,1.24276e-31
3381,7.70277e-46,3.12126e-30
3382,9.77204e-44,1.5646e-21
3383,1.52176e-44,2.55984e-21
3384,1.25776e-41,2.39488e-23
3385,1.01167e-42,5.57038e-23
3386,0,7.67642e-22
3387,0,1.38902e-21
3388,9.36466e-17,-1.60218e-55
3389,3.53042e-16,3.85686e-55
3390,1.33758e-15,4.91429e-54
3391,6.28181e-15,4.7279e-53
3392,1.20082e-64,-4.78236e-53
3393,2.909e-66,8.31909e-53
3394,1.80432e-64,4.53205e-20
3395,2.22839e-65,5.63599e-20
3396,5.14967e-62,6.64916e-20
3397,4.63101e-63,1.18525e-19
3398,3.62105e-64,4.19755e-18
3399,3.67075e-65,5.07907e-18
3400,0,6.46981e-18
3401,0,1.1775e-17
3402,0,2.06067e-19
3403,0,3.86702e-19
3404,0,1.02336e-45
3405,0,3.12047e-46
3406,0,2.78565e-48
3407,0,2.01768e-49
3408,0,-9.12512e-46
3409,0,2.53819e-45
3410,0,3.19382e-16
3411,0,3.90041e-16
3412,5.08444e-90,4.81347e-16
3413,1.04332e-89,8.76946e-16
3414,1.56394e-89,1.76172e-17
3415,5.50197e-90,3.29826e-17
3416,5.96748e-93,1.16389e-47
3417,5.17188e-93,7.02601e-47
3418,6.04899e-93,2.06185e-14
3419,7.19945e-93,2.54338e-14
3420,0,3.09701e-14
3421,0,5.73126e-14
3422,0,1.2835e-15
3423,0,2.44615e-15
3424,0,5.55487e-43
3425,0,5.49682e-43
3426,0,-1.01288e-43
3427,0,6.57167e-43
3428,2.30593e-90,1.75391e-40
3429,1.53578e-90,1.8202e-40
3430,6.56219e-98,-3.279e-41
3431,1.09573e-99,2.29202e-40
3432,1.97189e-97,1.1625e-12
3433,-2.91838e-98,1.45306e-12
3434,2.14158e-94,1.87802e-12
3435,-1.80159e-95,3.36065e-12
3436,9.03968e-65,8.26391e-14
3437,8.88351e-64,1.66992e-13
3438,2.91693e-95,4.83656e-38
3439,9.06582e-96,5.06245e-38
3440,4.2413e-94,-8.96733e-39
3441,1.41814e-95,6.34887e-38
3442,0,6.26037e-11
3443,0,7.50054e-11
3444,3.53658e-94,6.79694e-11
3445,9.59372e-94,1.3071e-10
3446,1.38243e-93,3.85058e-12
3447,1.63765e-94,6.87823e-12
3448,3.41664e-97,1.20331e-35
3449,2.62605e-97,1.26895e-35
3450,4.11047e-97,-2.20905e-36
3451,5.27475e-97,1.57983e-35
3452,2.21126e-41,1.66458e-09
3453,1.97947e-41,2.68408e-09
3454,2.32627e-43,4.78499e-09
3455,1.90339e-43,1.12414e-08
3456,1.37266e-43,2.79043e-10
3457,1.27975e-43,6.83282e-10
3458,4.34403e-42,2.69985e-33
3459,4.88153e-42,2.8703e-33
3460,2.10837e-45,-4.90807e-34
3461,1.57742e-45,3.54593e-33
3462,4.53262e-43,1.2855e-07
3463,3.68767e-43,1.76601e-07
3464,1.23609e-44,2.22436e-07
3465,3.25284e-44,4.64495e-07
3466,0,1.48719e-08
3467,0,3.08725e-08
3468,0,5.46532e-31
3469,0,5.85848e-31
3470,0,-9.82922e-32
3471,0,7.16601e-31
3472,1.25133e-42,5.21704e-53
3473,2.67909e-42,1.98653e-52
3474,1.15513e-42,4.68102e-55
3475,7.02106e-43,1.9155e-54
3476,4.6439e-57,2.40452e-55
3477,1.18125e-56,9.26323e-55
3478,2.17813e-96,9.77784e-29
3479,1.01969e-96,1.07187e-28
3480,8.48002e-85,-1.73795e-29
3481,2.32133e-84,1.30047e-28
3482,3.38285e-84,8.04676e-05
3483,4.34703e-85,0.000128791
3484,1.37531e-87,0.000128861
3485,1.08452e-87,0.000294216
3486,2.94727e-71,-2.20354e-27
3487,2.39628e-71,2.42378e-26
3488,3.56363e-71,7.09108e-29
3489,2.71328e-71,6.40167e-28
3490,9.07829e-74,2.02707e-26
3491,5.82178e-74,2.04583e-26
3492,4.67176e-74,-3.03087e-27
3493,3.84808e-74,2.11864e-26
3494,0,0.00194179
3495,0,0.00313774
3496,0,0.00330953
3497,0,0.00740757
3498,0,0.000453822
3499,0,0.000896668
3500,0,9.20761e-25
3501,0,3.47872e-24
3502,0,8.9393e-27
3503,0,8.09302e-26
3504,3.29635e-107,2.27659e-25
3505,1.85553e-107,4.48605e-24
3506,2.36263e-111,3.09844e-25
3507,3.65688e-111,2.99293e-24
3508,6.03174e-108,-8.6854e-52
3509,3.41303e-108,6.30235e-50
3510,1.62982e-87,1.24145e-50
3511,2.101e-87,2.70905e-51
3512,2.01905e-86,0.03194
3513,1.55267e-86,0.0531981
3514,0,0.0524723
3515,0,0.109165
3516,5.24774e-101,0.00968179
3517,-4.99264e-102,0.0177481
3518,0,-2.8173e-51
3519,0,2.30432e-50
3520,0,0.344778
3521,0,0.558091
3522,0,0.538584
3523,0,0.908681
3524,1.63948,0.133775
3525,-0.344158,0.211139
3526,0,1.20514e-06
3527,0,3.46026e-06
3528,9.13106e-115,2.19207
3529,4.9152e-115,3.07674
3530,0,3.0534
3531,0,3.64892
3532,2.60424e-115,1.04681
3533,1.40179e-115,1.29241
3534,9.5938e-52,6.92636e-06
3535,6.24973e-52,0.000100789
3536,1.82035e-49,1.13119e-52
3537,3.56881e-49,5.74293e-52
3538,0,6.76453
3539,0,7.40604
3540,0,8.47756
3541,0,6.95877
3542,0,4.30886
3543,0,3.81337
3544,0,10.7019
3545,0,6.60606
3546,0,14.1245
3547,0,4.08153
3548,0,9.72596
3549,0,5.3519
3550,0,-2.79914e-48
3551,0,9.28458e-48
3552,2.27803e-62,1.26253e-27
3553,8.17893e-62,2.70112e-27
3554,1.48561e-60,1.41651e-26
3555,1.23645e-59,8.67878e-27
3556,1.27709e-57,6.31934e-26
3557,6.36194e-57,1.77955e-25
3558,0,0.000158861
3559,0,0.000561395
3560,1.09744e-111,3.5443e-05
3561,8.5468e-112,0.000135267
3562,1.35551e-111,0.000499117
3563,7.29577e-112,0.00122619
3564,1.66539e-115,-0.000146941
3565,9.89045e-116,0.000839615
3566,1.1916e-115,0.0032863
3567,8.01592e-116,0.0123448
3568,1.41982e-81,0.000922494
3569,4.44851e-82,0.00374599
3570,1.46254e-81,0.00665257
3571,5.2716e-82,0.0220896
3572,9.06587e-79,-0.00245715
3573,4.96144e-79,0.0142425
3574,6.68774e-79,0.0507683
3575,2.55092e-79,0.188806
3576,8.4816e-77,0.0130295
3577,6.55822e-77,0.064318
3578,1.09907e-76,0.0467758
3579,7.28535e-77,0.274473
3580,2.06553e-79,-0.0316975
3581,1.36565e-79,0.16376
3582,1.48263e-79,0.487464
3583,9.55808e-80,1.7795
3584,2.86472e-94,0.109433
3585,6.3865e-95,0.744459
3586,3.64375e-94,-0.0146822
3587,1.03386e-94,2.11725
3588,3.60718e-91,-0.294488
3589,2.03912e-91,1.18362
3590,0,6.84189e-67
3591,0,1.11026e-66
3592,2.143e-91,2.45422e-67
3593,7.1947e-92,4.37011e-67
3594,3.10501e-98,1.54942e-69
3595,2.28532e-98,3.25853e-69
3596,6.27034e-98,1.68936
3597,6.56401e-98,7.03547
3598,3.94687e-101,0.347964
3599,3.92272e-101,4.53194
3600,4.37313e-102,-2.08407
3601,8.22815e-102,6.35437
3602,1.16688e-86,-1.68478
3603,8.59719e-87,3.91583
3604,1.23889e-86,2.56578e-23
3605,8.98114e-87,4.47915e-22
3606,1.80344e-89,3.79195e-24
3607,1.04215e-89,1.04334e-23
3608,-1.43658e-70,-3.27141
3609,8.06265e-70,0.149909
3610,6.23096e-69,-1.00973
3611,9.58615e-69,6.14255
3612,2.39814e-90,-3.33502
3613,5.40754e-90,-6.42968
3614,0.421656,-2.61172
3615,-0.219569,-3.21494
3616,1.0323,1.21394e-21
3617,-0.468384,4.37082e-20
3618,2.68751,3.03542e-22
3619,-1.25684,8.15941e-22
3620,1.03591e-108,-9.15842
3621,2.1301e-109,-29.6373
3622,1.70169e-108,-0.484578
3623,3.59183e-109,-17.4216
3624,4.446e-105,25.6767
3625,2.52317e-105,-16.355
3626,5.23328,15.5937
3627,-1.80853,-25.4114
3628,2.53341e-105,2.67739e-19
3629,8.18138e-106,3.29639e-18
3630,0,1.65457e-20
3631,0,5.27751e-20
3632,0,3.08804e-17
3633,0,2.24987e-16
3634,0,1.25032e-18
3635,0,3.85698e-18
3636,0,-12.6082
3637,0,-18.4517
3638,6.30332e-76,6.48957
3639,5.23695e-76,35.2561
3640,1.216e-75,0.00893893
3641,5.34042e-77,23.2547
3642,2.53911e-73,12.3856
3643,1.45108e-73,1.4252
3644,3.93252e-73,2.02067
3645,2.40397e-73,-3.43703
3646,7.41096e-31,3.60706
3647,7.33178e-31,7.79954
3648,8.77912e-29,2.66932e-15
3649,8.94646e-29,1.34425e-14
3650,1.6512e-28,9.34134e-17
3651,1.12603e-28,2.90218e-16
3652,9.60454e-88,3.69837
3653,2.32765e-88,8.30497
3654,1.01683e-87,0.949752
3655,3.22473e-88,2.80176
3656,8.43091e-85,0.740957
3657,4.72138e-85,-13.4289
3658,0,4.58574
3659,0,30.8813
3660,0,-21.8697
3661,0,12.8857
3662,5.29282e-85,5.39575
3663,1.87582e-85,-5.92137
3664,1.63055e-104,1.85251e-13
3665,1.22115e-104,6.95202e-13
3666,2.44361e-104,6.04546e-15
3667,1.76412e-104,1.90442e-14
3668,8.90246e-108,0.104732
3669,6.59189e-108,0.434033
3670,3.93954e-108,0.00686585
3671,3.27284e-108,0.0387166
3672,3.36782e-101,0.000309648
3673,7.015e-102,0.00228723
3674,4.7887e-101,1.02344e-11
3675,1.02084e-101,3.08636e-11
3676,6.80024e-98,3.33562e-13
3677,3.83354e-98,1.08943e-12
3678,3.95009e-98,1.63531e-22
3679,1.30227e-98,1.94706e-22
3680,5.15905e-93,-3.10981e-23
3681,4.11287e-93,3.83727e-22
3682,9.06981e-93,5.62154e-17
3683,5.4219e-93,9.18926e-17
3684,6.21186e-96,5.11174e-10
3685,4.96156e-96,1.1831e-09
3686,5.58723e-96,1.5883e-11
3687,3.14248e-96,5.45094e-11
3688,1.25503e-82,3.99029e-10
3689,9.74193e-83,8.59322e-08
3690,1.95521e-82,8.62983e-10
3691,1.53604e-82,2.36995e-09
3692,2.58507e-85,7.96894e-19
3693,2.07107e-85,1.01526e-18
3694,2.06026e-85,2.30507e-08
3695,1.13003e-85,3.78773e-08
3696,0,-7.40797e-17
3697,0,2.53557e-16
3698,0,1.83665e-07
3699,0,6.04424e-07
3700,4.19477e-113,3.47009e-15
3701,2.37106e-113,7.12996e-15
3702,2.36654e-113,2.58129e-06
3703,7.55763e-114,1.01125e-05
3704,5.16736e-40,2.04342e-05
3705,1.32445e-39,3.631e-05
3706,3.39833e-42,-4.84942e-15
3707,1.11158e-41,1.66191e-14
3708,0,1.85259e-13
3709,0,4.65151e-13
3710,4.14733e-115,-2.74258e-13
3711,7.49142e-116,9.43828e-13
3712,5.74104e-42,8.48197e-12
3713,2.09114e-41,2.54084e-11
3714,2.70044e-21,-1.32697e-11
3715,3.07558e-21,4.58646e-11
3716,1.30052e-19,3.13202e-10
3717,2.21444e-19,1.15224e-09
3718,1.28129e-19,-5.42878e-10
3719,1.10252e-19,1.88498e-09
3720,2.06828e-21,1.2537e-08
3721,1.96406e-21,4.39829e-08
3722,3.45577e-20,-1.92594e-08
3723,2.53784e-20,6.46071e-08
3724,3.19442e-18,1.02173e-20
3725,2.63681e-18,9.63871e-21
3726,2.97152e-67,-1.24351e-20
3727,1.08513e-66,4.29534e-20
3728,3.61972e-18,-9.52037e-19
3729,2.25002e-18,3.32774e-18
3730,0,5.51042e-07
3731,0,1.4504e-06
3732,2.88448e-22,-2.78898e-07
3733,1.31488e-22,1.82985e-06
3734,0,-1.25437e-05
3735,0,4.17948e-05
3736,0,-1.18721e-65
3737,0,9.67165e-66
3738,0,-1.35839e-68
3739,0,2.47467e-68
3740,0,2.6675e-67
3741,0,1.05494e-66
3742,7.18504e-23,2.99567e-65
3743,1.37139e-23,3.01944e-64
3744,1.68877e-21,3.02701e-53
3745,2.8561e-22,1.61414e-52
3746,2.86159e-100,6.8286e-56
3747,5.09542e-100,4.77575e-55
3748,8.44882e-100,1.40275e-57
3749,1.20973e-100,5.88885e-57
3750,1.51935e-103,2.45698e-58
3751,1.08274e-103,2.01536e-57
3752,9.33565e-25,-6.90362e-61
3753,1.53198e-25,2.33971e-59
3754,4.70502e-106,-8.03752e-59
3755,7.14421e-108,3.00304e-57
3756,2.02701e-103,7.95005e-56
3757,-1.73216e-104,9.845e-56
3758,6.38746e-107,1.65904e-65
3759,1.7382e-107,3.04944e-64
3760,1.31477e-19,1.8857e-64
3761,4.19081e-20,2.07083e-64
3762,3.02864e-19,-6.69229e-71
3763,-5.14736e-20,7.47423e-71
3764,1.76332e-103,2.27539e-70
3765,1.82139e-103,8.03514e-70
3766,1.28818e-28,2.23587e-72
3767,4.23624e-29,6.29475e-72
3768,2.28955e-30,5.51984
3769,4.1438e-31,-2.83147
3770,5.5323e-30,-4.1103
3771,-1.05811e-30,-5.08219
3772,5.95134e-32,6.90519
3773,-1.32649e-32,3.68668
3774,4.15871e-27,1.71438
3775,-2.3221e-28,-15.3023
3776,9.64697e-27,7.30637
3777,3.12927e-27,-12.801
3778,2.13654e-25,4.99067
3779,1.3911e-26,-4.2314
3780,6.03293e-103,8.29811
3781,2.57465e-103,-10.957
3782,4.06516e-91,2.61867e-64
3783,1.82836e-92,1.82517e-64
3784,1.13799e-90,-6.18177e-69
3785,-1.40986e-91,1.14102e-67
3786,8.68632e-88,-13.9884
3787,-5.93938e-89,-32.5205
3788,0,2.50699e-75
3789,0,3.64984e-75
3790,0,5.9081e-73
3791,0,2.19205e-72
3792,0,1.72289e-72
3793,0,1.79624e-72
3794,0,1.35234e-77
3795,0,3.87419e-77
3796,9.81372e-99,-1.00306e-73
3797,3.34225e-101,8.33563e-74
3798,1.56177e-96,5.48805e-72
3799,-2.28455e-97,2.39366e-70
3800,9.51968e-100,16.5235
3801,3.30682e-100,-0.235917
3802,0,-33.4643
3803,0,-7.11665
3804,0,-2.99836e-73
3805,0,8.91568e-73
3806,0,5.85245e-77
3807,0,1.70469e-75
3808,0,-6.28588e-77
3809,0,2.32455e-76
3810,0,-3.16096e-56
3811,0,1.10011e-55
3812,0,6.42846
3813,0,-3.76474
3814,0,6.80011
3815,0,-5.35814
3816,0,7.85277e-70
3817,0,1.08487e-69
3818,0,3.64123e-75
3819,0,2.70868e-74
3820,0,4.49742e-67
3821,0,5.38787e-67
3822,0,-9.49778e-65
3823,0,6.60166e-64
3824,1.49167e-88,-4.52968
3825,4.66967e-89,-1.20047
3826,1.63205e-87,-3.60968
3827,9.74452e-89,-4.72496
3828,0,35.6927
3829,0,23.3586
3830,0,10.408
3831,0,-5.81776
3832,0,-4.90709e-70
3833,0,1.24495e-69
3834,0,-2.59514e-69
3835,0,8.73756e-67
3836,0,-1.50393e-65
3837,0,7.78317e-65
3838,0,-8.72327e-62
3839,0,3.64598e-61
3840,0,5.81024e-70
3841,0,9.42234e-70
3842,7.36483e-92,1.6366e-61
3843,-2.47534e-94,7.10017e-62
3844,4.46478e-90,-1.71903e-73
3845,-7.45802e-91,2.7389e-72
3846,4.59735e-93,0
3847,2.09643e-93,0
3848,4.82261e-56,0
3849,-2.49472e-56,0
3850,3.20878e-56,0
3851,1.32469e-56,0
3852,0,0
3853,0,0
3854,2.39361e-65,0
3855,1.97743e-64,0
3856,4.1951e-65,0
3857,4.29745e-65,0
3858,1.59915e-33,0
3859,4.024e-34,0
3860,1.39043e-31,0
3861,6.74332e-32,0
3862,2.41234e-31,0
3863,3.48653e-32,0
3864,0,7.24742e-77
3865,0,8.69943e-76
3866,0,8.0845e-78
3867,0,2.12836e-77
3868,0,2.54419e-75
3869,0,5.48215e-75
3870,0,2.649e-74
3871,0,1.76128e-73
3872,2.03858e-61,1.1922e-76
3873,2.32709e-61,6.63229e-76
3874,7.27832e-61,4.14011e-79
3875,-4.53867e-63,3.98203e-78
3876,1.01742e-59,2.1536e-74
3877,3.57711e-60,1.53432e-73
3878,0.489429,0
3879,-0.344993,0
3880,0.049631,0
3881,-0.0348937,0
3882,0,0
3883,0,0
3884,0,0
3885,0,0
3886,0,1.75175e-85
3887,0,4.95627e-85
3888,0,5.5518e-88
3889,0,2.46496e-87
3890,0,2.42307e-85
3891,0,1.00731e-84
3892,0,8.35851e-83
3893,0,2.09681e-82
3894,0,0
3895,0,0
3896,0,0
3897,0,0
3898,1.64993e-46,0
3899,9.87775e-47,0
3900,5.81872e-49,0
3901,2.85155e-49,0
3902,2.67517e-49,0
3903,4.16631e-49,0
3904,9.61655e-18,0
3905,3.84519e-18,0
3906,1.41523e-19,0
3907,6.30987e-20,0
3908,2.59089e-19,0
3909,4.21966e-20,0
3910,5.06357e-21,0
3911,8.33333e-22,0
3912,1.21302e-29,0
3913,2.2871e-30,0
3914,1.05539e-29,0
3915,5.21643e-30,0
3916,0,2.01799e-88
3917,0,3.93626e-88
3918,0,3.19924e-89
3919,0,6.96523e-89
3920,0,1.65724e-86
3921,0,3.30908e-86
3922,0,1.08991e-85
3923,0,1.98592e-85
3924,4.58796e-32,0
3925,1.38678e-32,0
3926,0,0
3927,0,0
3928,0,0
3929,0,0
3930,5.63891e-81,8.53861e-80
3931,1.15244e-80,1.63656e-79
3932,1.81156e-80,1.73813e-81
3933,7.78142e-81,3.05552e-81
3934,1.12912e-83,5.64802e-79
3935,1.04504e-83,9.17332e-79
3936,9.94657e-84,2.88759e-77
3937,1.37654e-83,5.08828e-77
3938,3.5864e-81,7.18622e-88
3939,2.35876e-81,4.29007e-87
3940,8.40317e-60,2.75418e-85
3941,2.88501e-60,1.65384e-84
3942,1.16293e-84,9.37229e-83
3943,9.54137e-86,3.89457e-82
3944,3.06299e-84,0
3945,-3.16344e-85,0
3946,1.73619e-81,0
3947,-7.2481e-83,0
3948,3.99065e-82,0
3949,1.21951e-82,0
3950,8.65839e-112,0
3951,-1.55061e-112,0
3952,3.21719e-81,0
3953,3.01674e-82,0
3954,5.58789e-107,0
3955,7.58649e-107,0
3956,1.34433e-106,0
3957,2.41697e-107,0
3958,1.28273e-110,0
3959,8.74146e-111,0
3960,2.45518e-67,0
3961,1.36657e-67,0
3962,1.96886e-68,0
3963,1.62383e-69,0
3964,8.94902e-66,5.84594e-91
3965,6.08001e-66,1.1598e-90
3966,1.49249e-110,2.15542e-93
3967,1.33682e-110,6.80272e-93
3968,0,1.23152e-90
3969,0,3.54141e-90
3970,0,3.59389e-88
3971,0,6.29433e-88
3972,2.64496e-85,0
3973,-3.72533e-87,0
3974,7.3686e-84,0
3975,5.60762e-85,0
3976,9.48485e-87,0
3977,4.24331e-87,0
3978,2.74574e-70,1.08826e-88
3979,1.48432e-70,3.11117e-88
3980,2.08688e-58,5.35986e-86
3981,5.29729e-59,1.38248e-85
3982,1.26074e-56,8.59747e-84
3983,7.30661e-58,1.52076e-83
3984,1.16559e-55,2.16028e-79
3985,3.18148e-56,4.68447e-79
3986,3.75618e-58,6.7682e-77
3987,-2.80617e-59,1.31587e-76
3988,1.09457e-55,1.80895e-76
3989,-2.33963e-56,2.76402e-76
3990,0,3.67105e-88
3991,0,1.13705e-87
3992,0,2.41459e-83
3993,0,5.8418e-83
3994,0,4.09248e-92
3995,0,9.53021e-92
3996,1.09438e-78,2.46692e-89
3997,5.02908e-79,5.23096e-89
3998,3.30515e-76,6.2544e-88
3999,1.43945e-76,1.72809e-87
4000,2.34728e-108,3.3837e-91
4001,1.57852e-108,7.32653e-91
4002,1.69386e-115,1.471e-86
4003,3.64802e-116,2.74186e-86
4004,8.76628e-117,0
4005,3.52947e-117,0
4006,0,0
4007,0,0
4008,0,0
4009,0,0
4010,0,0
4011,0,0
4012,1.43208e-84,0
4013,5.04885e-85,0
4014,9.17519e-85,0
4015,3.20041e-85,0
4016,8.00683e-82,0
4017,3.16231e-82,0
4018,1.61493e-112,0
4019,6.12504e-113,0
4020,8.87239e-113,0
4021,3.93774e-113,0
4022,9.31145e-109,0
4023,5.47555e-109,0
4024,0,0
4025,0,0
4026,0,0
4027,0,0
4028,0,0
4029,0,0
4030,1.06159e-107,0
4031,9.86588e-110,0
4032,1.5639e-107,0
4033,5.55357e-108,0
4034,2.75367e-111,0
4035,6.95625e-112,0
4036,9.56483e-105,0
4037,4.17237e-105,0
4038,6.74327e-108,7.49505e-107
4039,-1.14133e-108,9.28643e-107
4040,2.5428e-104,4.22741e-107
4041,1.04558e-104,8.87655e-107
4042,0,7.15304e-104
4043,0,1.33437e-103
4044,2.26825e-100,1.25886e-103
4045,7.57764e-101,1.49526e-103
4046,2.50636e-101,0
4047,8.63081e-102,0
4048,6.81058e-91,0
4049,7.37164e-92,0
4050,4.13895e-91,1.27519e-76
4051,6.32053e-92,3.88696e-76
4052,9.73428e-88,5.12733e-79
4053,1.01666e-88,2.81845e-78
4054,2.13605,3.54316e-74
4055,-1.07823,9.99134e-74
4056,5.76388e-88,0
4057,1.20465e-88,0
4058,1.72338e-97,0
4059,7.35599e-98,0
4060,8.77886e-98,0
4061,4.20638e-98,0
4062,1.59611e-94,0
4063,9.59051e-95,0
4064,4.52359e-94,0
4065,3.14119e-94,0
4066,1.75011e-93,0
4067,2.58579e-94,0
4068,8.19269e-97,0
4069,3.71171e-97,0
4070,4.98811e-91,0
4071,2.25763e-91,0
4072,1.44727e-90,0
4073,4.42052e-91,0
4074,8.82341e-93,7.74869e-108
4075,3.36032e-93,1.5054e-107
4076,4.46025e-92,3.14588e-110
4077,1.88072e-92,4.22511e-110
4078,1.21358e-95,1.39935e-104
4079,5.63142e-96,2.49643e-104
4080,3.09664e-88,0
4081,3.10863e-88,0
4082,9.68172e-88,0
4083,3.12464e-88,0
4084,5.22208e-79,0
4085,-3.16179e-81,0
4086,1.39768e-77,4.0786e-82
4087,-9.62531e-79,4.00718e-82
4088,1.26701e-80,2.41024e-82
4089,-1.20231e-81,5.15967e-82
4090,2.79377e-83,1.47153e-79
4091,1.41728e-84,1.42137e-79
4092,7.65003e-83,0
4093,4.48036e-83,0
4094,1.15644e-85,0
4095,1.34431e-84,0
4096,0,0
4097,0,0
4098,0,0
4099,0,0
4100,1.58137e-93,0
4101,5.86792e-94,0
4102,0,0
4103,0,0
4104,0,0
4105,0,0
4106,0,0
4107,0,0
4108,3.75368e-77,0
4109,2.32256e-77,0
4110,5.52834e-78,4.70567e-105
4111,1.92049e-78,4.29386e-105
4112,0,6.59459e-102
4113,0,5.68298e-102
4114,0,9.41862e-101
4115,0,1.61126e-100
4116,0,3.58164e-87
4117,0,8.41553e-87
4118,7.34203e-105,1.37549e-84
4119,6.56044e-106,3.01442e-84
4120,4.70877e-105,1.03407e-82
4121,6.06358e-106,6.11339e-82
4122,2.85585e-101,0
4123,2.25609e-102,0
4124,0,0
4125,0,0
4126,0,0
4127,0,0
4128,0,1.79279e-93
4129,0,1.90843e-93
4130,1.31752e-73,9.42026e-94
4131,5.44433e-74,2.04015e-93
4132,4.13555e-71,1.14882e-90
4133,2.18866e-71,1.19406e-90
4134,5.93512e-74,0
4135,3.20623e-74,0
4136,0,0
4137,0,0
4138,1.79214e-101,4.69263e-79
4139,3.42238e-102,1.5209e-78
4140,6.70229e-68,2.03151e-74
4141,2.75412e-68,3.64885e-74
4142,5.46449e-66,0
4143,5.55227e-66,0
4144,1.10473e-68,0
4145,1.72143e-68,0
4146,1.18941e-97,0
4147,1.1934e-98,0
4148,7.484e-98,0
4149,1.02765e-98,0
4150,2.58216e-94,0
4151,2.39938e-95,0
4152,1.58496e-94,0
4153,3.12232e-95,0
4154,3.57025e-99,0
4155,1.31297e-99,0
4156,5.66824e-97,0
4157,2.60267e-97,0
4158,1.06324e-100,0
4159,6.81404e-101,0
4160,0,0
4161,0,0
4162,9.09267e-63,0
4163,2.87014e-63,0
4164,3.67009e-62,5.82741e-102
4165,1.72059e-62,5.88121e-102
4166,6.4654e-65,6.19877e-99
4167,3.96867e-65,5.87156e-99
4168,1.07127e-63,7.41773e-99
4169,9.55516e-63,6.16821e-99
4170,1.2661e-99,0
4171,7.52803e-100,0
4172,7.94759e-87,0
4173,3.19782e-87,0
4174,5.66367e-86,0
4175,2.24655e-86,0
4176,2.03526e-89,0
4177,1.04302e-89,0
4178,9.47047e-89,0
4179,4.40494e-89,0
4180,1.80102e-84,0
4181,2.47422e-85,0
4182,1.06218e-84,0
4183,1.75765e-85,0
4184,1.82673e-81,0
4185,2.56731e-82,0
4186,0,0
4187,0,0
4188,0,0
4189,0,0
4190,1.04753e-81,0
4191,2.37316e-82,0
4192,2.50123e-104,0
4193,1.0072e-104,0
4194,3.16335e-103,0
4195,1.31693e-103,0
4196,3.51056e-107,0
4197,2.01927e-107,0
4198,1.30304e-105,0
4199,4.95081e-106,0
4200,2.26021e-72,0
4201,4.30126e-73,0
4202,1.10313e-72,0
4203,3.10584e-73,0
4204,1.26641e-69,0
4205,3.18494e-70,0
4206,5.94395e-55,1.08785e-84
4207,6.01215e-55,1.12908e-84
4208,5.56828e-70,4.52989e-82
4209,2.16146e-70,1.02899e-81
4210,1.73669e-57,0
4211,1.01008e-57,0
4212,2.60396e-78,8.762e-115
4213,3.88627e-79,7.57002e-115
4214,1.42337e-78,7.55423e-115
4215,3.30223e-79,3.80506e-115
4216,2.00201e-75,0
4217,3.6157e-76,0
4218,9.98161e-76,0
4219,3.06437e-76,0
4220,6.85099e-118,0
4221,2.78772e-118,0
4222,2.01607e-116,0
4223,8.66492e-117,0
4224,0,0
4225,0,0
4226,0,0
4227,0,0
4228,6.65357e-113,3.70386e-111
4229,5.47052e-114,2.20474e-111
4230,4.35438e-113,2.99272e-111
4231,5.295e-114,6.50465e-111
4232,8.3337e-109,9.32886e-108
4233,5.93738e-110,5.68706e-108
4234,5.31791e-109,0
4235,9.84029e-110,0
4236,3.86032e-111,0
4237,1.51699e-111,0
4238,2.0482e-109,7.59083e-115
4239,9.29038e-110,4.74521e-115
4240,1.34386e-113,4.22949e-111
4241,8.5818e-114,3.35561e-111
4242,3.62459e-112,4.63691e-99
4243,2.03871e-112,5.40628e-99
4244,1.03486e-39,3.92522e-96
4245,1.56701e-40,4.26041e-96
4246,5.11367e-42,5.49554e-96
4247,1.02127e-42,5.06551e-96
4248,1.11913e-41,0
4249,3.40543e-42,0
4250,4.70159e-83,0
4251,2.85487e-83,0
4252,2.95573e-80,0
4253,1.30937e-80,0
4254,1.28253e-83,2.48693e-96
4255,8.39635e-84,2.8353e-96
4256,1.64091e-39,2.98946e-93
4257,1.85554e-39,3.06043e-93
4258,8.96818e-83,0
4259,4.29854e-83,0
4260,0,0
4261,0,0
4262,0,3.23359e-77
4263,0,7.9714e-77
4264,0,1.3721e-74
4265,0,2.00597e-74
4266,0,8.10559e-73
4267,0,1.72503e-72
4268,0,4.82461e-80
4269,0,1.26609e-79
4270,0,3.38193e-81
4271,0,2.66364e-80
4272,0,0
4273,0,0
4274,5.75433e-104,2.12123e-90
4275,2.6532e-104,8.52193e-90
4276,0,0
4277,0,0
4278,2.9748e-101,0
4279,1.70381e-101,0
4280,1.08124e-60,0
4281,6.32583e-61,0
4282,3.27316e-61,1.02001e-91
4283,8.45108e-63,2.11266e-91
4284,5.77543e-60,0
4285,-2.23335e-60,0
4286,1.19646e-68,8.62602e-84
4287,-1.4697e-69,1.56876e-83
4288,8.48301e-70,2.96971e-90
4289,4.41805e-70,1.56857e-89
4290,1.86674e-71,0
4291,4.95556e-73,0
4292,3.90902e-57,0
4293,3.68883e-58,0
4294,1.24194e-40,0
4295,2.13142e-41,0
4296,1.73056e-63,6.21423e-96
4297,1.62269e-62,1.82043e-95
4298,1.76426e-90,0
4299,5.41382e-91,0
4300,5.36908e-42,3.73403e-91
4301,2.3894e-41,9.97835e-91
4302,8.4723e-88,1.22338e-81
4303,2.17861e-88,2.51872e-81
4304,3.2663e-40,1.2678e-90
4305,4.03979e-40,3.72822e-90
4306,2.62102e-38,1.09875e-94
4307,1.1747e-37,2.45324e-94
4308,1.53019e-40,9.14072e-94
4309,2.73629e-40,1.94008e-93
4310,0,0
4311,0,0
4312,5.66466e-80,0
4313,4.50105e-80,0
4314,0,0
4315,0,0
4316,0,0
4317,0,0
4318,0,0
4319,0,0
4320,0,3.20323e-110
4321,0,6.49934e-110
4322,0,0
4323,0,0
4324,0,3.72924e-81
4325,0,1.76177e-80
4326,0,0
4327,0,0
4328,0,0
4329,0,0
4330,0,0
4331,0,0
4332,5.85499e-27,1.13731e-113
4333,7.95233e-27,1.68353e-113
4334,1.41981e-28,0
4335,1.5149e-28,0
4336,4.95074e-67,1.19881e-84
4337,8.30963e-70,2.44229e-84
4338,7.50148e-66,0
4339,-1.267e-66,0
4340,0,0
4341,0,0
4342,0,0
4343,0,0
4344,0,3.74348e-108
4345,0,3.88354e-108
4346,2.34547e-68,1.40014e-89
4347,1.52554e-68,3.41271e-89
4348,0,0
4349,0,0
4350,0,2.4669e-96
4351,0,5.08087e-96
4352,0,0
4353,0,0
4354,0,2.94954e-81
4355,0,8.83343e-81
4356,0,0
4357,0,0
4358,0,0
4359,0,0
4360,0,0
4361,0,0
4362,0,0
4363,0,0
4364,0,6.99792e-105
4365,0,7.83548e-105
4366,0,0
4367,0,0
4368,0,0
4369,0,0
4370,7.24848e-91,0
4371,6.28343e-91,0
4372,2.02715e-59,0
4373,2.47351e-60,0
4374,0,0
4375,0,0
4376,0,0
4377,0,0
4378,0,0
4379,0,0
4380,0,4.47091e-87
4381,0,5.18392e-87
4382,0,0
4383,0,0
4384,0,0
4385,0,0
4386,2.71557e-24,0
4387,1.08852e-23,0
4388,3.61587e-26,1.12818e-114
4389,7.70468e-26,2.32582e-114
4390,2.83588e-26,0
4391,1.49719e-25,0
4392,5.48474e-28,0
4393,1.35233e-27,0
4394,0,7.55057e-102
4395,0,9.55961e-102
4396,0,0
4397,0,0
4398,0,5.00631e-99
4399,0,6.24173e-99
4400,0,0
4401,0,0
4402,0,0
4403,0,0
4404,0,0
4405,0,0
4406,1.74841e-61,0
4407,4.48439e-62,0
4408,0,0
4409,0,0
4410,0,1.38973e-69
4411,0,2.42238e-69
4412,0,4.52768e-67
4413,0,6.2764e-67
4414,0,9.30031e-68
4415,0,1.66981e-67
4416,0,0
4417,0,0
4418,5.80098e-59,0
4419,1.78865e-59,0
4420,2.55791e-59,2.18217e-79
4421,5.21444e-60,4.87159e-79
4422,1.15471e-56,0
4423,3.71401e-57,0
4424,0,0
4425,0,0
4426,1.06307e-61,0
4427,2.58912e-62,0
4428,1.94527e-38,0
4429,-2.43603e-39,0
4430,1.02832e-40,0
4431,-5.84324e-42,0
4432,1.52257e-40,0
4433,2.9032e-41,0
4434,8.41176e-43,0
4435,3.56795e-44,0
4436,0,2.65086e-75
4437,0,1.14478e-74
4438,0,2.38139e-72
4439,0,5.05471e-72
4440,0,0
4441,0,0
4442,0,0
4443,0,0
4444,0,0
4445,0,0
4446,0,0
4447,0,0
4448,0,2.3387e-77
4449,0,5.14887e-77
4450,8.97007e-53,0
4451,5.62555e-54,0
4452,6.75973e-52,2.08159e-70
4453,-1.79103e-52,4.86417e-70
4454,3.02995e-50,0
4455,8.57746e-51,0
4456,2.55983e-50,7.92942e-70
4457,-7.91611e-51,3.96127e-69
4458,1.90226e-56,-2.12045e-71
4459,-1.88983e-58,5.86307e-71
4460,6.84361e-54,-6.63908e-69
4461,1.07698e-54,1.54907e-68
4462,0,1.19691e-71
4463,0,3.43086e-71
4464,0,0
4465,0,0
4466,0,5.02709e-69
4467,0,6.78127e-69
4468,0,9.02641e-72
4469,0,2.88808e-71
4470,0,2.37203e-69
4471,0,3.98655e-69
4472,0,7.0224e-72
4473,0,1.17443e-71
4474,2.0519e-68,1.94055e-71
4475,2.18337e-68,3.0236e-71
4476,1.05247e-68,6.12582e-74
4477,5.90781e-69,8.87541e-74
4478,6.70711e-19,4.61237e-72
4479,5.47512e-19,6.60281e-72
4480,-1.18602e-20,1.10898e-74
4481,5.6567e-19,1.83587e-74
4482,5.18846e-17,2.27215e-74
4483,3.02004e-17,1.78001e-74
4484,-7.46398e-18,5.5872e-77
4485,4.07668e-17,5.17223e-77
4486,1.14265e-20,6.27664e-77
4487,8.85602e-21,1.11377e-76
4488,2.15435e-20,1.64639e-79
4489,1.18798e-20,3.55687e-79
4490,3.03277e-22,4.42603e-78
4491,1.61992e-22,8.86829e-77
4492,0,1.84828e-80
4493,0,2.4857e-79
4494,0,6.58695e-78
4495,0,7.44742e-77
4496,0,4.13973e-80
4497,0,1.64446e-79
4498,0,2.07738e-77
4499,0,4.36097e-77
4500,0,3.99942e-80
4501,0,9.5948e-80
4502,0,6.0863e-78
4503,0,1.28372e-77
4504,1.9407e-42,1.21042e-80
4505,8.43656e-43,2.76109e-80
4506,9.71829e-45,2.49663e-78
4507,4.44796e-45,3.8147e-78
4508,2.60197e-43,4.47846e-81
4509,6.96492e-44,7.585e-81
4510,2.65017e-45,3.82645e-80
4511,3.65606e-47,5.93039e-80
4512,0,6.38885e-83
4513,0,1.10183e-82
4514,0,5.41357e-81
4515,0,8.65393e-81
4516,0,8.62313e-84
4517,0,1.55323e-83
4518,0,1.20356e-82
4519,0,5.28027e-82
4520,0,3.72664e-85
4521,0,9.07954e-85
4522,0,1.53182e-82
4523,0,2.07313e-82
4524,0,2.18549e-85
4525,0,3.6842e-85
4526,5.44668e-22,5.27438e-85
4527,3.26436e-22,4.52574e-85
4528,6.51304e-24,7.60744e-88
4529,3.04237e-24,7.74512e-88
4530,5.09225e-24,1.69779e-87
4531,3.33467e-24,1.47894e-87
4532,5.10511e-67,2.20936e-90
4533,2.4168e-67,2.20511e-90
4534,6.87898e-68,4.2191e-90
4535,3.27826e-68,3.40114e-90
4536,7.09578e-65,4.81242e-93
4537,2.51549e-65,4.37723e-93
4538,6.58454e-32,7.50069e-93
4539,-1.32969e-32,5.43713e-93
4540,6.69734e-28,7.60575e-96
4541,1.86141e-28,6.15106e-96
4542,0,1.55855e-94
4543,0,2.13878e-94
4544,4.81968e-32,1.21657e-97
4545,1.29584e-32,1.95791e-97
4546,0,2.34933e-97
4547,0,2.34506e-97
4548,0,1.8079e-100
4549,0,2.04184e-100
4550,0,3.66635e-98
4551,0,5.37199e-98
4552,0,2.35373e-101
4553,0,3.92732e-101
4554,0,2.91888e-101
4555,0,1.11726e-101
4556,0,1.81302e-104
4557,0,9.74207e-105
4558,3.04693e-60,2.57785e-104
4559,3.18353e-60,1.65649e-104
4560,5.53018e-60,1.21224e-107
4561,1.95853e-60,8.91261e-108
4562,1.66136e-62,1.13793e-107
4563,1.81226e-62,3.15563e-108
4564,1.36139e-72,3.99403e-111
4565,2.28806e-72,1.66849e-111
4566,2.59338e-75,3.28792e-111
4567,4.09875e-75,8.06244e-112
4568,1.61435e-75,6.13479e-115
4569,3.50478e-75,2.31064e-115
4570,2.62226e-73,4.40216e-115
4571,7.53828e-73,7.4037e-116
4572,9.51673e-45,0
4573,2.51991e-45,0
4574,4.28414e-48,0
4575,2.36631e-48,0
4576,8.20054e-46,0
4577,6.13472e-46,0
4578,0,0
4579,0,0
4580,0,0
4581,0,0
4582,1.32585e-91,0
4583,2.72581e-91,0
4584,4.32119e-95,0
4585,8.04209e-95,0
4586,0,0
4587,0,0
4588,0,0
4589,0,0
4590,0,0
4591,0,0
4592,0,0
4593,0,0
4594,0,0
4595,0,0
4596,0,0
4597,0,0
4598,0,0
4599,0,0
4600,0,0
4601,0,0
4602,1.02347e-08,0
4603,1.46342e-09,0
4604,4.12033e-10,0
4605,2.00335e-10,0
4606,5.26828e-08,0
4607,1.64581e-08,0
4608,0,0
4609,0,0
4610,0,0
4611,0,0
4612,0,0
4613,0,0
4614,0,0
4615,0,0
4616,1.61536e-88,0
4617,4.95667e-89,0
4618,2.7951e-91,0
4619,2.03627e-91,0
4620,3.94239e-37,0
4621,-1.56482e-37,0
4622,1.96693e-39,0
4623,-7.51265e-40,0
4624,0,0
4625,0,0
4626,0,0
4627,0,0
4628,0,0
4629,0,0
4630,5.31902e-05,0
4631,3.09998e-05,0
4632,6.96853e-06,0
4633,3.48749e-06,0
4634,0.00085164,0
4635,0.000653714,0
4636,1.28339e-19,0
4637,7.17027e-19,0
4638,2.75993e-21,0
4639,1.12073e-20,0
4640,3.66041e-20,0
4641,6.41592e-20,0
4642,8.41062e-70,0
4643,2.26201e-70,0
4644,5.87232e-67,0
4645,8.71915e-68,0
4646,2.66623e-67,0
4647,3.246e-68,0
4648,4.44742e-70,0
4649,9.12455e-71,0
4650,0,0
4651,0,0
4652,0,0
4653,0,0
4654,0,0
4655,0,0
4656,0,0
4657,0,0
4658,0,0
4659,0,0
4660,0,0
4661,0,0
4662,1.63406e-74,0
4663,1.03012e-74,0
4664,1.86021e-71,0
4665,8.68513e-72,0
4666,0,0
4667,0,0
4668,0,0
4669,0,0
4670,0,0
4671,0,0
4672,0,0
4673,0,0
4674,9.03343e-77,0
4675,7.62661e-77,0
4676,3.45173e-77,0
4677,2.09726e-77,0
4678,0,0
4679,0,0
4680,2.56114e-80,0
4681,9.06254e-81,0
4682,5.27247e-63,0
4683,-8.40035e-64,0
4684,1.4609e-77,0
4685,7.1709e-78,0
4686,7.9269e-78,0
4687,3.30407e-78,0
4688,6.40216e-80,0
4689,4.73204e-80,0
4690,0,0
4691,0,0
4692,0,0
4693,0,0
4694,7.95969e-71,0
4695,7.00109e-71,0
4696,0,0
4697,0,0
4698,0,0
4699,0,0
4700,1.73213e-51,0
4701,8.19957e-52,0
4702,5.11185e-54,0
4703,2.89733e-54,0
4704,8.2545e-54,0
4705,2.98452e-54,0
4706,0,0
4707,0,0
4708,2.76656e-15,0
4709,3.03693e-15,0
4710,7.79037e-17,0
4711,4.85414e-17,0
4712,2.30396e-18,0
4713,1.46323e-18,0
4714,1.55072e-18,0
4715,6.81604e-19,0
4716,0,0
4717,0,0
4718,0,0
4719,0,0
4720,0,0
4721,0,0
4722,0,0
4723,0,0
4724,0,0
4725,0,0
4726,0,0
4727,0,0
4728,0,0
4729,0,0
4730,0,0
4731,0,0
4732,1.78758e-39,0
4733,1.59877e-39,0
4734,5.42554e-39,0
4735,5.37777e-39,0
4736,5.22884e-41,0
4737,4.4751e-41,0
4738,0,0
4739,0,0
4740,0,3.20074e-73
4741,0,1.41018e-72
4742,0,4.02497e-75
4743,0,1.5641e-74
4744,0,6.38853e-73
4745,0,3.86824e-72
4746,-4.91515e-58,3.10187e-70
4747,1.1166e-57,5.00863e-70
4748,1.19036e-56,1.32688e-70
4749,3.35794e-56,8.4903e-70
4750,3.8104e-57,0
4751,5.93698e-58,0
4752,9.91437e-59,0
4753,4.74178e-60,0
4754,1.75242e-78,0
4755,3.07296e-79,0
4756,4.48066e-78,0
4757,-3.6599e-79,0
4758,1.90991e-75,0
4759,1.35125e-77,0
4760,5.44587e-76,0
4761,2.01456e-76,0
4762,3.55446e-75,1.01043e-67
4763,4.42092e-76,1.42146e-67
4764,0,3.26497e-65
4765,0,2.6305e-65
4766,0,0
4767,0,0
4768,9.86605e-113,3.17106e-73
4769,2.55071e-112,2.48144e-73
4770,3.51065e-112,7.64971e-76
4771,4.20438e-113,1.76126e-75
4772,1.43699e-116,0
4773,9.88943e-117,0
4774,1.89766e-116,2.30432e-76
4775,2.54322e-116,3.03823e-75
